Valor,Desde,Hasta,AÃ±o,Mes
3.174,28/11/2025,30/11/2025,2025,11
3.198,27/11/2025,27/11/2025,2025,11
3.069,26/11/2025,26/11/2025,2025,11
3.161,25/11/2025,25/11/2025,2025,11
3.112,20/11/2025,24/11/2025,2025,11
3.087,19/11/2025,19/11/2025,2025,11
3.291,18/11/2025,18/11/2025,2025,11
3.205,17/11/2025,17/11/2025,2025,11
3.248,14/11/2025,16/11/2025,2025,11
3.359,13/11/2025,13/11/2025,2025,11
3.452,12/11/2025,12/11/2025,2025,11
3.452,12/11/2025,12/11/2025,2025,11
3.427,11/11/2025,11/11/2025,2025,11
3.667,10/11/2025,10/11/2025,2025,11
4.037,07/11/2025,09/11/2025,2025,11
4.061,05/11/2025,06/11/2025,2025,11
4.389,04/11/2025,04/11/2025,2025,11
4.123,03/11/2025,03/11/2025,2025,11
4.875,31/10/2025,02/11/2025,2025,11
4.795,30/10/2025,30/10/2025,2025,10
4.746,29/10/2025,29/10/2025,2025,10
4.808,28/10/2025,28/10/2025,2025,10
4.869,27/10/2025,27/10/2025,2025,10
5.233,24/10/2025,26/10/2025,2025,10
5.646,23/10/2025,23/10/2025,2025,10
5.547,22/10/2025,22/10/2025,2025,10
5.122,21/10/2025,21/10/2025,2025,10
4.592,20/10/2025,20/10/2025,2025,10
4.887,17/10/2025,19/10/2025,2025,10
4.37,16/10/2025,16/10/2025,2025,10
4.352,15/10/2025,15/10/2025,2025,10
4.024,14/10/2025,14/10/2025,2025,10
4.031,13/10/2025,13/10/2025,2025,10
3.982,09/10/2025,13/10/2025,2025,10
4.043,08/10/2025,08/10/2025,2025,10
4.043,07/10/2025,07/10/2025,2025,10
3.908,06/10/2025,06/10/2025,2025,10
3.871,03/10/2025,05/10/2025,2025,10
3.982,02/10/2025,02/10/2025,2025,10
4.29,01/10/2025,01/10/2025,2025,10
4.579,30/09/2025,30/09/2025,2025,9
4.475,29/09/2025,29/09/2025,2025,9
4.463,26/09/2025,28/09/2025,2025,9
4.37,25/09/2025,25/09/2025,2025,9
4.265,24/09/2025,24/09/2025,2025,9
4.278,23/09/2025,23/09/2025,2025,9
4.401,22/09/2025,22/09/2025,2025,9
4.549,19/09/2025,21/09/2025,2025,9
5.023,18/09/2025,18/09/2025,2025,9
5.289,17/09/2025,17/09/2025,2025,9
5.819,16/09/2025,16/09/2025,2025,9
5.572,15/09/2025,15/09/2025,2025,9
5.449,12/09/2025,14/09/2025,2025,9
5.64,11/09/2025,11/09/2025,2025,9
5.578,10/09/2025,10/09/2025,2025,9
5.492,09/09/2025,09/09/2025,2025,9
5.738,08/09/2025,08/09/2025,2025,9
5.72,05/09/2025,07/09/2025,2025,9
5.824,04/09/2025,04/09/2025,2025,9
5.461,03/09/2025,03/09/2025,2025,9
5.757,02/09/2025,02/09/2025,2025,9
5.146,01/09/2025,01/09/2025,2025,9
5.239,29/08/2025,31/08/2025,2025,8
5.307,28/08/2025,28/08/2025,2025,8
5.27,27/08/2025,27/08/2025,2025,8
5.338,26/08/2025,26/08/2025,2025,8
4.9,25/08/2025,25/08/2025,2025,8
4.604,22/08/2025,24/08/2025,2025,8
4.376,21/08/2025,21/08/2025,2025,8
4.53,20/08/2025,20/08/2025,2025,8
4.13,19/08/2025,19/08/2025,2025,8
4.019,18/08/2025,18/08/2025,2025,8
3.889,14/08/2025,17/08/2025,2025,8
3.766,13/08/2025,13/08/2025,2025,8
3.883,12/08/2025,12/08/2025,2025,8
3.827,11/08/2025,11/08/2025,2025,8
3.747,08/08/2025,10/08/2025,2025,8
3.63,07/08/2025,07/08/2025,2025,8
3.482,06/08/2025,06/08/2025,2025,8
3.494,05/08/2025,05/08/2025,2025,8
3.272,04/08/2025,04/08/2025,2025,8
3.334,01/08/2025,03/08/2025,2025,8
3.42,31/07/2025,31/07/2025,2025,7
3.415,30/07/2025,30/07/2025,2025,7
3.396,29/07/2025,29/07/2025,2025,7
3.174,28/07/2025,28/07/2025,2025,7
3.1,25/07/2025,27/07/2025,2025,7
2.976,24/07/2025,24/07/2025,2025,7
2.958,23/07/2025,23/07/2025,2025,7
2.835,22/07/2025,22/07/2025,2025,7
2.847,21/07/2025,21/07/2025,2025,7
3.001,18/07/2025,20/07/2025,2025,7
3.087,17/07/2025,17/07/2025,2025,7
3.198,16/07/2025,16/07/2025,2025,7
3.131,15/07/2025,15/07/2025,2025,7
3.124,14/07/2025,14/07/2025,2025,7
3.198,11/07/2025,13/07/2025,2025,7
3.198,10/07/2025,10/07/2025,2025,7
3.223,08/07/2025,09/07/2025,2025,7
3.156,07/07/2025,07/07/2025,2025,7
3.205,04/07/2025,06/07/2025,2025,7
3.186,03/07/2025,03/07/2025,2025,7
3.193,02/07/2025,02/07/2025,2025,7
3.248,01/07/2025,01/07/2025,2025,7
3.156,30/06/2025,30/06/2025,2025,6
3.26,27/06/2025,29/06/2025,2025,6
3.149,26/06/2025,26/06/2025,2025,6
3.18,25/06/2025,25/06/2025,2025,6
3.143,24/06/2025,24/06/2025,2025,6
3.174,23/06/2025,23/06/2025,2025,6
3.149,19/06/2025,22/06/2025,2025,6
3.168,18/06/2025,18/06/2025,2025,6
3.087,17/06/2025,17/06/2025,2025,6
3.149,13/06/2025,16/06/2025,2025,6
3.124,12/06/2025,12/06/2025,2025,6
3.1,11/06/2025,11/06/2025,2025,6
3.205,10/06/2025,10/06/2025,2025,6
3.223,09/06/2025,09/06/2025,2025,6
3.137,06/06/2025,08/06/2025,2025,6
3.186,05/06/2025,05/06/2025,2025,6
3.149,04/06/2025,04/06/2025,2025,6
3.254,03/06/2025,03/06/2025,2025,6
3.143,02/06/2025,02/06/2025,2025,6
3.304,30/05/2025,01/06/2025,2025,5
3.211,29/05/2025,29/05/2025,2025,5
3.18,28/05/2025,28/05/2025,2025,5
3.328,27/05/2025,27/05/2025,2025,5
3.309,26/05/2025,26/05/2025,2025,5
3.137,23/05/2025,25/05/2025,2025,5
3.291,22/05/2025,22/05/2025,2025,5
3.235,21/05/2025,21/05/2025,2025,5
3.309,20/05/2025,20/05/2025,2025,5
3.18,19/05/2025,19/05/2025,2025,5
3.198,16/05/2025,18/05/2025,2025,5
3.285,15/05/2025,15/05/2025,2025,5
3.267,14/05/2025,14/05/2025,2025,5
3.316,13/05/2025,13/05/2025,2025,5
3.174,12/05/2025,12/05/2025,2025,5
3.254,09/05/2025,11/05/2025,2025,5
3.279,08/05/2025,08/05/2025,2025,5
3.26,07/05/2025,07/05/2025,2025,5
3.316,06/05/2025,06/05/2025,2025,5
3.309,05/05/2025,05/05/2025,2025,5
3.415,30/04/2025,04/05/2025,2025,4
3.402,29/04/2025,29/04/2025,2025,4
3.452,28/04/2025,28/04/2025,2025,4
3.673,25/04/2025,27/04/2025,2025,4
3.513,24/04/2025,24/04/2025,2025,4
3.575,23/04/2025,23/04/2025,2025,4
3.168,22/04/2025,22/04/2025,2025,4
3.161,21/04/2025,21/04/2025,2025,4
3.02,16/04/2025,20/04/2025,2025,4
3.137,15/04/2025,15/04/2025,2025,4
3.094,14/04/2025,14/04/2025,2025,4
2.964,11/04/2025,13/04/2025,2025,4
3.063,10/04/2025,10/04/2025,2025,4
3.063,09/04/2025,09/04/2025,2025,4
2.976,08/04/2025,08/04/2025,2025,4
2.946,07/04/2025,07/04/2025,2025,4
3.008,04/04/2025,06/04/2025,2025,4
3.001,03/04/2025,03/04/2025,2025,4
2.921,01/04/2025,02/04/2025,2025,4
2.976,31/03/2025,29/03/2025,2025,3
3.013,28/03/2025,31/03/2025,2025,3
2.989,27/03/2025,27/03/2025,2025,3
2.983,26/03/2025,26/03/2025,2025,3
2.884,25/03/2025,25/03/2025,2025,3
2.884,24/03/2025,24/03/2025,2025,3
2.884,23/03/2025,23/03/2025,2025,3
2.884,22/03/2025,22/03/2025,2025,3
2.884,21/03/2025,21/03/2025,2025,3
2.847,20/03/2025,20/03/2025,2025,3
2.853,19/03/2025,19/03/2025,2025,3
2.86,18/03/2025,18/03/2025,2025,3
2.804,17/03/2025,17/03/2025,2025,3
2.841,14/03/2025,16/03/2025,2025,3
2.847,13/03/2025,13/03/2025,2025,3
2.736,12/03/2025,12/03/2025,2025,3
2.779,11/03/2025,11/03/2025,2025,3
2.761,10/03/2025,10/03/2025,2025,3
2.718,07/03/2025,09/03/2025,2025,3
2.816,06/03/2025,06/03/2025,2025,3
,05/03/2025,05/03/2025,2025,3
2.773,28/02/2025,04/03/2025,2025,2
2.712,27/02/2025,27/02/2025,2025,2
2.749,26/02/2025,26/02/2025,2025,2
2.761,25/02/2025,25/02/2025,2025,2
2.804,24/02/2025,24/02/2025,2025,2
2.866,21/02/2025,23/02/2025,2025,2
2.773,20/02/2025,20/02/2025,2025,2
2.823,19/02/2025,19/02/2025,2025,2
2.878,18/02/2025,18/02/2025,2025,2
2.81,17/02/2025,17/02/2025,2025,2
2.835,16/02/2025,16/02/2025,2025,2
2.835,15/02/2025,15/02/2025,2025,2
2.835,14/02/2025,14/02/2025,2025,2
2.903,13/02/2025,13/02/2025,2025,2
2.927,12/02/2025,12/02/2025,2025,2
2.909,11/02/2025,11/02/2025,2025,2
2.89,10/02/2025,10/02/2025,2025,2
2.89,09/02/2025,09/02/2025,2025,2
2.89,08/02/2025,08/02/2025,2025,2
2.89,07/02/2025,07/02/2025,2025,2
3.1,06/02/2025,06/02/2025,2025,2
3.112,05/02/2025,05/02/2025,2025,2
3.18,04/02/2025,04/02/2025,2025,2
3.001,03/02/2025,03/02/2025,2025,2
3.217,02/02/2025,02/02/2025,2025,2
3.217,01/02/2025,01/02/2025,2025,2
3.217,31/01/2025,31/01/2025,2025,1
3.087,30/01/2025,30/01/2025,2025,1
3.087,29/01/2025,29/01/2025,2025,1
3.11,28/01/2025,28/01/2025,2025,1
3.04,27/01/2025,27/01/2025,2025,1
3.082,24/01/2025,22/01/2025,2025,1
3.026,23/01/2025,26/01/2025,2025,1
3.124,22/01/2025,22/01/2025,2025,1
3.11,21/01/2025,21/01/2025,2025,1
3.119,20/01/2025,20/01/2025,2025,1
3.075,17/01/2025,19/01/2025,2025,1
3.087,16/01/2025,16/01/2025,2025,1
3.057,15/01/2025,15/01/2025,2025,1
3.193,14/01/2025,14/01/2025,2025,1
3.23,13/01/2025,13/01/2025,2025,1
3.161,10/01/2025,12/01/2025,2025,1
3.119,09/01/2025,09/01/2025,2025,1
3.149,08/01/2025,08/01/2025,2025,1
3.242,07/01/2025,07/01/2025,2025,1
3.149,06/01/2025,06/01/2025,2025,1
3.156,04/01/2025,05/01/2025,2025,1
3.156,03/01/2025,03/01/2025,2025,1
3.242,02/01/2025,02/01/2025,2025,1
3.124,01/01/2025,01/01/2025,2025,1
3.124,31/12/2024,31/12/2024,2024,12
3.124,30/12/2024,30/12/2024,2024,12
3.193,29/12/2024,29/12/2024,2024,12
3.193,28/12/2024,28/12/2024,2024,12
3.205,27/12/2024,27/12/2024,2024,12
3.193,27/12/2024,27/12/2024,2024,12
3.149,25/12/2024,25/12/2024,2024,12
3.149,24/12/2024,24/12/2024,2024,12
3.149,23/12/2024,23/12/2024,2024,12
3.161,22/12/2024,22/12/2024,2024,12
3.161,21/12/2024,21/12/2024,2024,12
3.161,20/12/2024,20/12/2024,2024,12
3.161,19/12/2024,19/12/2024,2024,12
3.087,18/12/2024,18/12/2024,2024,12
3.223,17/12/2024,17/12/2024,2024,12
3.143,16/12/2024,16/12/2024,2024,12
3.211,15/12/2024,15/12/2024,2024,12
3.211,14/12/2024,14/12/2024,2024,12
3.211,13/12/2024,13/12/2024,2024,12
3.489,12/12/2024,12/12/2024,2024,12
3.42,11/12/2024,11/12/2024,2024,12
3.642,10/12/2024,10/12/2024,2024,12
3.6,09/12/2024,09/12/2024,2024,12
3.6,08/12/2024,08/12/2024,2024,12
3.6,06/12/2024,06/12/2024,2024,12
3.649,05/12/2024,05/12/2024,2024,12
3.587,04/12/2024,04/12/2024,2024,12
3.679,03/12/2024,03/12/2024,2024,12
3.501,02/12/2024,02/12/2024,2024,12
3.531,01/12/2024,01/12/2024,2024,12
3.531,30/11/2024,30/11/2024,2024,11
3.531,29/11/2024,29/11/2024,2024,11
3.636,28/11/2024,28/11/2024,2024,11
3.568,27/11/2024,27/11/2024,2024,11
3.42,26/11/2024,26/11/2024,2024,11
3.531,25/11/2024,25/11/2024,2024,11
3.519,24/11/2024,24/11/2024,2024,11
3.519,23/11/2024,23/11/2024,2024,11
3.519,22/11/2024,22/11/2024,2024,11
3.563,21/11/2024,21/11/2024,2024,11
3.587,20/11/2024,20/11/2024,2024,11
3.501,19/11/2024,19/11/2024,2024,11
3.55,18/11/2024,18/11/2024,2024,11
3.55,17/11/2024,17/11/2024,2024,11
3.55,16/11/2024,16/11/2024,2024,11
3.55,15/11/2024,15/11/2024,2024,11
3.581,14/11/2024,14/11/2024,2024,11
3.581,13/11/2024,13/11/2024,2024,11
3.698,12/11/2024,12/11/2024,2024,11
3.698,11/11/2024,11/11/2024,2024,11
4.0,10/11/2024,10/11/2024,2024,11
4.0,09/11/2024,09/11/2024,2024,11
4.0,08/11/2024,08/11/2024,2024,11
4.086,07/11/2024,07/11/2024,2024,11
4.086,06/11/2024,06/11/2024,2024,11
4.191,05/11/2024,05/11/2024,2024,11
3.975,04/11/2024,04/11/2024,2024,11
4.049,03/11/2024,03/11/2024,2024,11
4.049,02/11/2024,02/11/2024,2024,11
4.049,01/11/2024,01/11/2024,2024,11
4.179,31/10/2024,31/10/2024,2024,10
4.031,30/10/2024,30/10/2024,2024,10
4.172,29/10/2024,29/10/2024,2024,10
4.074,28/10/2024,28/10/2024,2024,10
3.969,27/10/2024,27/10/2024,2024,10
3.969,26/10/2024,26/10/2024,2024,10
3.969,25/10/2024,25/10/2024,2024,10
3.987,24/10/2024,24/10/2024,2024,10
3.987,23/10/2024,23/10/2024,2024,10
3.883,22/10/2024,22/10/2024,2024,10
3.913,21/10/2024,21/10/2024,2024,10
3.9,20/10/2024,20/10/2024,2024,10
3.9,19/10/2024,01/10/2024,2024,10
3.9,18/10/2024,18/10/2024,2024,10
3.803,17/10/2024,17/10/2024,2024,10
3.79,16/10/2024,16/10/2024,2024,10
3.852,15/10/2024,15/10/2024,2024,10
3.926,14/10/2024,14/10/2024,2024,10
3.987,13/10/2024,13/10/2024,2024,10
3.987,12/10/2024,12/10/2024,2024,10
3.987,11/10/2024,11/10/2024,2024,10
3.987,10/10/2024,10/10/2024,2024,10
3.95,09/10/2024,09/10/2024,2024,10
3.92,08/10/2024,08/10/2024,2024,10
3.92,07/10/2024,07/10/2024,2024,10
4.037,06/10/2024,06/10/2024,2024,10
4.037,05/10/2024,05/10/2024,2024,10
4.037,04/10/2024,04/10/2024,2024,10
4.006,03/10/2024,03/10/2024,2024,10
4.142,02/10/2024,02/10/2024,2024,10
4.142,01/10/2024,01/10/2024,2024,10
3.95,30/09/2024,30/09/2024,2024,9
4.111,29/09/2024,29/09/2024,2024,9
4.111,28/09/2024,28/09/2024,2024,9
4.111,27/09/2024,27/09/2024,2024,9
3.957,26/09/2024,26/09/2024,2024,9
3.889,25/09/2024,25/09/2024,2024,9
3.871,24/09/2024,24/09/2024,2024,9
3.858,23/09/2024,23/09/2024,2024,9
3.809,22/09/2024,22/09/2024,2024,9
3.809,21/09/2024,21/09/2024,2024,9
3.809,20/09/2024,20/09/2024,2024,9
3.871,19/09/2024,19/09/2024,2024,9
3.876,18/09/2024,18/09/2024,2024,9
3.89,17/09/2024,17/09/2024,2024,9
3.735,16/09/2024,16/09/2024,2024,9
3.747,15/09/2024,15/09/2024,2024,9
3.747,14/09/2024,14/09/2024,2024,9
3.747,13/09/2024,13/09/2024,2024,9
3.76,12/09/2024,12/09/2024,2024,9
3.723,11/09/2024,11/09/2024,2024,9
3.889,10/09/2024,08/09/2024,2024,9
3.686,09/09/2024,09/09/2024,2024,9
3.957,08/09/2024,08/09/2024,2024,9
3.957,07/09/2024,07/09/2024,2024,9
3.957,06/09/2024,06/09/2024,2024,9
3.889,05/09/2024,05/09/2024,2024,9
3.827,04/09/2024,04/09/2024,2024,9
4.061,03/09/2024,03/09/2024,2024,9
3.784,02/09/2024,02/09/2024,2024,9
3.858,01/09/2024,01/09/2024,2024,9
3.858,31/08/2024,31/08/2024,2024,8
3.858,30/08/2024,30/08/2024,2024,8
4.068,29/08/2024,29/08/2024,2024,8
3.871,28/08/2024,28/08/2024,2024,8
4.019,27/08/2024,27/08/2024,2024,8
3.784,26/08/2024,26/08/2024,2024,8
3.889,25/08/2024,25/08/2024,2024,8
3.889,24/08/2024,24/08/2024,2024,8
3.889,23/08/2024,23/08/2024,2024,8
3.797,22/08/2024,22/08/2024,2024,8
3.797,21/08/2024,21/08/2024,2024,8
3.784,20/08/2024,20/08/2024,2024,8
3.741,19/08/2024,19/08/2024,2024,8
3.667,18/08/2024,18/08/2024,2024,8
3.667,17/08/2024,17/08/2024,2024,8
3.667,16/08/2024,16/08/2024,2024,8
3.661,15/08/2024,15/08/2024,2024,8
3.784,14/08/2024,14/08/2024,2024,8
3.741,13/08/2024,13/08/2024,2024,8
3.624,12/08/2024,12/08/2024,2024,8
3.698,11/08/2024,11/08/2024,2024,8
3.698,10/08/2024,10/08/2024,2024,8
3.698,09/08/2024,09/08/2024,2024,8
3.969,08/08/2024,08/08/2024,2024,8
3.698,07/08/2024,07/08/2024,2024,8
3.864,06/08/2024,06/08/2024,2024,8
3.716,05/08/2024,05/08/2024,2024,8
3.766,04/08/2024,04/08/2024,2024,8
3.766,03/08/2024,03/08/2024,2024,8
3.766,02/08/2024,02/08/2024,2024,8
3.76,01/08/2024,01/08/2024,2024,8
3.76,31/07/2024,,2024,7
3.987,30/07/2024,30/07/2024,2024,7
3.815,29/07/2024,29/07/2024,2024,7
3.735,28/07/2024,28/07/2024,2024,7
3.735,27/07/2024,27/07/2024,2024,7
3.735,26/07/2024,26/07/2024,2024,7
3.735,25/07/2024,25/07/2024,2024,7
3.698,24/07/2024,24/07/2024,2024,7
3.6,23/07/2024,23/07/2024,2024,7
3.556,22/07/2024,22/07/2024,2024,7
3.655,21/07/2024,21/07/2024,2024,7
3.655,20/07/2024,20/07/2024,2024,7
3.655,19/07/2024,19/07/2024,2024,7
3.507,18/07/2024,18/07/2024,2024,7
3.378,17/07/2024,17/07/2024,2024,7
3.531,16/07/2024,16/07/2024,2024,7
3.55,15/07/2024,15/07/2024,2024,7
3.341,14/07/2024,14/07/2024,2024,7
3.341,13/07/2024,13/07/2024,2024,7
3.341,12/07/2024,12/07/2024,2024,7
3.445,11/07/2024,11/07/2024,2024,7
3.6,10/07/2024,10/07/2024,2024,7
3.371,09/07/2024,09/07/2024,2024,7
3.371,08/07/2024,08/07/2024,2024,7
3.556,07/07/2024,07/07/2024,2024,7
3.556,06/07/2024,06/07/2024,2024,7
3.556,05/07/2024,05/07/2024,2024,7
3.309,04/07/2024,04/07/2024,2024,7
3.242,03/07/2024,03/07/2024,2024,7
3.47,02/07/2024,02/07/2024,2024,7
3.291,01/07/2024,01/07/2024,2024,7
3.402,30/06/2024,30/06/2024,2024,6
3.402,29/06/2024,29/06/2024,2024,6
3.402,28/06/2024,28/06/2024,2024,6
3.217,27/06/2024,27/06/2024,2024,6
3.334,26/06/2024,26/06/2024,2024,6
3.316,25/06/2024,25/06/2024,2024,6
3.297,24/06/2024,24/06/2024,2024,6
3.415,23/06/2024,23/06/2024,2024,6
3.415,22/06/2024,22/06/2024,2024,6
3.415,21/06/2024,21/06/2024,2024,6
3.415,20/06/2024,20/06/2024,2024,6
3.415,19/06/2024,19/06/2024,2024,6
3.131,18/06/2024,18/06/2024,2024,6
3.248,17/06/2024,17/06/2024,2024,6
3.24,16/06/2024,16/06/2024,2024,6
3.248,15/06/2024,16/06/2024,2024,6
3.248,14/06/2024,14/06/2024,2024,6
3.242,13/06/2024,13/06/2024,2024,6
3.211,12/06/2024,12/06/2024,2024,6
3.193,11/06/2024,11/06/2024,2024,6
3.161,10/06/2024,10/06/2024,2024,6
3.291,09/06/2024,09/06/2024,2024,6
3.291,08/06/2024,08/06/2024,2024,6
3.291,07/06/2024,07/06/2024,2024,6
3.168,06/06/2024,06/06/2024,2024,6
3.193,05/06/2024,05/06/2024,2024,6
3.125,04/06/2024,04/06/2024,2024,6
3.119,03/06/2024,03/06/2024,2024,6
3.174,02/06/2024,02/06/2024,2024,6
3.174,01/06/2024,01/06/2024,2024,6
3.174,31/05/2024,31/05/2024,2024,5
3.02,30/05/2024,30/05/2024,2024,5
3.112,29/05/2024,29/05/2024,2024,5
3.143,28/05/2024,28/05/2024,2024,5
3.149,27/05/2024,27/05/2024,2024,5
3.075,26/05/2024,26/05/2024,2024,5
3.075,25/05/2024,25/05/2024,2024,5
3.075,24/05/2024,24/05/2024,2024,5
3.161,23/05/2024,23/05/2024,2024,5
3.205,22/05/2024,22/05/2024,2024,5
3.864,21/05/2024,21/05/2024,2024,5
3.92,20/05/2024,20/05/2024,2024,5
3.883,19/05/2024,19/05/2024,2024,5
3.883,18/05/2024,18/05/2024,2024,5
3.883,17/05/2024,17/05/2024,2024,5
3.957,16/05/2024,16/05/2024,2024,5
3.92,15/05/2024,15/05/2024,2024,5
3.987,14/05/2024,14/05/2024,2024,5
3.975,13/05/2024,13/05/2024,2024,5
4.037,12/05/2024,12/05/2024,2024,5
4.037,11/05/2024,11/05/2024,2024,5
4.037,10/05/2024,10/05/2024,2024,5
4.721,09/05/2024,09/05/2024,2024,5
5.011,08/05/2024,08/05/2024,2024,5
5.011,07/05/2024,07/05/2024,2024,5
4.998,06/05/2024,06/05/2024,2024,5
5.572,05/05/2024,05/05/2024,2024,5
5.572,04/05/2024,04/05/2024,2024,5
5.572,03/05/2024,03/05/2024,2024,5
6.041,02/05/2024,02/05/2024,2024,5
6.016,30/04/2024,30/04/2024,2024,4
5.997,29/04/2024,29/04/2024,2024,4
6.009,28/04/2024,28/04/2024,2024,4
6.009,27/04/2024,27/04/2024,2024,4
6.009,26/04/2024,26/04/2024,2024,4
6.096,25/04/2024,25/04/2024,2024,4
6.016,24/04/2024,24/04/2024,2024,4
6.046,23/04/2024,23/04/2024,2024,4
6.046,22/04/2024,22/04/2024,2024,4
6.059,21/04/2024,21/04/2024,2024,4
6.059,20/04/2024,20/04/2024,2024,4
6.059,19/04/2024,19/04/2024,2024,4
6.694,18/04/2024,18/04/2024,2024,4
6.885,17/04/2024,17/04/2024,2024,4
6.99,16/04/2024,16/04/2024,2024,4
7.052,15/04/2024,15/04/2024,2024,4
7.039,14/04/2024,14/04/2024,2024,4
7.039,13/04/2024,13/04/2024,2024,4
7.039,12/04/2024,12/04/2024,2024,4
7.052,11/04/2024,11/04/2024,2024,4
6.978,10/04/2024,10/04/2024,2024,4
6.99,09/04/2024,09/04/2024,2024,4
7.02,08/04/2024,08/04/2024,2024,4
7.039,07/04/2024,07/04/2024,2024,4
7.039,06/04/2024,06/04/2024,2024,4
7.039,05/04/2024,05/04/2024,2024,4
7.033,04/04/2024,04/04/2024,2024,4
7.126,03/04/2024,04/04/2024,2024,4
7.027,02/04/2024,02/04/2024,2024,4
7.027,01/04/2024,01/04/2024,2024,4
7.027,31/03/2024,31/03/2024,2024,3
7.027,30/03/2024,31/03/2024,2024,3
7.027,29/03/2024,29/03/2024,2024,3
7.027,28/03/2024,28/03/2024,2024,3
7.027,27/03/2024,27/03/2024,2024,3
7.008,26/03/2024,26/03/2024,2024,3
7.015,25/03/2024,25/03/2024,2024,3
7.064,24/03/2024,24/03/2024,2024,3
7.064,23/03/2024,23/03/2024,2024,3
7.064,22/03/2024,22/03/2024,2024,3
7.138,21/03/2024,21/03/2024,2024,3
7.15,20/03/2024,20/03/2024,2024,3
7.335,19/03/2024,19/03/2024,2024,3
10.713,18/03/2024,18/03/2024,2024,3
10.744,17/03/2024,17/03/2024,2024,3
10.744,16/03/2024,16/03/2024,2024,3
10.744,15/03/2024,15/03/2024,2024,3
10.657,14/03/2024,14/03/2024,2024,3
10.775,13/03/2024,13/03/2024,2024,3
10.744,12/03/2024,12/03/2024,2024,3
10.744,11/03/2024,11/03/2024,2024,3
10.731,10/03/2024,10/03/2024,2024,3
10.731,09/03/2024,09/03/2024,2024,3
10.731,08/03/2024,08/03/2024,2024,3
10.744,07/03/2024,07/03/2024,2024,3
10.756,06/03/2024,06/03/2024,2024,3
10.849,05/03/2024,05/03/2024,2024,3
10.731,04/03/2024,04/03/2024,2024,3
10.775,03/03/2024,03/03/2024,2024,3
10.775,02/03/2024,02/03/2024,2024,3
10.775,01/03/2024,01/03/2024,2024,3
10.805,29/02/2024,29/02/2024,2024,2
10.664,28/02/2024,28/02/2024,2024,2
10.805,27/02/2024,27/02/2024,2024,2
10.781,26/02/2024,26/02/2024,2024,2
10.763,25/02/2024,25/02/2024,2024,2
10.763,24/02/2024,24/02/2024,2024,2
10.763,23/02/2024,23/02/2024,2024,2
10.812,22/02/2024,22/02/2024,2024,2
10.67,21/02/2024,21/02/2024,2024,2
10.639,20/02/2024,20/02/2024,2024,2
10.793,19/02/2024,19/02/2024,2024,2
10.738,18/02/2024,18/02/2024,2024,2
10.738,17/02/2024,17/02/2024,2024,2
10.738,16/02/2024,16/02/2024,2024,2
10.694,15/02/2024,15/02/2024,2024,2
10.652,14/02/2024,14/02/2024,2024,2
10.738,13/02/2024,13/02/2024,2024,2
10.738,12/02/2024,12/02/2024,2024,2
10.738,11/02/2024,11/02/2024,2024,2
10.738,10/02/2024,10/02/2024,2024,2
10.738,09/02/2024,09/02/2024,2024,2
10.645,08/02/2024,08/02/2024,2024,2
10.818,07/02/2024,07/02/2024,2024,2
10.713,06/02/2024,06/02/2024,2024,2
10.75,05/02/2024,05/02/2024,2024,2
10.657,04/02/2024,04/02/2024,2024,2
10.657,03/02/2024,03/02/2024,2024,2
10.657,02/02/2024,02/02/2024,2024,2
10.731,01/02/2024,01/02/2024,2024,2
10.836,31/01/2024,31/01/2024,2024,1
10.818,30/01/2024,30/01/2024,2024,1
10.719,29/01/2024,29/01/2024,2024,1
10.818,28/01/2024,28/01/2024,2024,1
10.818,27/01/2024,27/01/2024,2024,1
10.818,26/01/2024,26/01/2024,2024,1
10.812,25/01/2024,25/01/2024,2024,1
10.805,24/01/2024,24/01/2024,2024,1
10.824,23/01/2024,23/01/2024,2024,1
10.812,22/01/2024,22/01/2024,2024,1
10.787,21/01/2024,21/01/2024,2024,1
10.787,20/01/2024,20/01/2024,2024,1
10.787,19/01/2024,19/01/2024,2024,1
10.8,18/01/2024,18/01/2024,2024,1
10.682,17/01/2024,17/01/2024,2024,1
10.824,16/01/2024,16/01/2024,2024,1
10.707,15/01/2024,15/01/2024,2024,1
10.763,14/01/2024,14/01/2024,2024,1
10.763,13/01/2024,13/01/2024,2024,1
10.763,12/01/2024,12/01/2024,2024,1
10.775,11/01/2024,11/01/2024,2024,1
10.763,10/01/2024,10/01/2024,2024,1
10.652,09/01/2024,09/01/2024,2024,1
10.824,08/01/2024,08/01/2024,2024,1
10.75,07/01/2024,07/01/2024,2024,1
10.75,06/01/2024,06/01/2024,2024,1
10.75,05/01/2024,05/01/2024,2024,1
10.738,04/01/2024,04/01/2024,2024,1
10.781,03/01/2024,03/01/2024,2024,1
10.805,02/01/2024,02/01/2024,2024,1
10.824,01/01/2024,01/01/2024,2024,1
10.824,31/12/2023,31/12/2023,2023,12
10.824,30/12/2023,30/12/2023,2023,12
10.824,29/12/2023,29/12/2023,2023,12
10.824,28/12/2023,28/12/2023,2023,12
11.145,27/12/2023,27/12/2023,2023,12
12.815,26/12/2023,26/12/2023,2023,12
12.649,25/12/2023,25/12/2023,2023,12
12.649,24/12/2023,24/12/2023,2023,12
12.649,23/12/2023,23/12/2023,2023,12
12.649,22/12/2023,22/12/2023,2023,12
12.612,21/12/2023,21/12/2023,2023,12
12.747,20/12/2023,20/12/2023,2023,12
12.797,19/12/2023,19/12/2023,2023,12
12.809,18/12/2023,18/12/2023,2023,12
12.834,17/12/2023,17/12/2023,2023,12
12.834,16/12/2023,16/12/2023,2023,12
12.834,15/12/2023,15/12/2023,2023,12
12.735,14/12/2023,14/12/2023,2023,12
12.729,13/12/2023,13/12/2023,2023,12
12.784,12/12/2023,12/12/2023,2023,12
12.84,11/12/2023,11/12/2023,2023,12
12.809,10/12/2023,10/12/2023,2023,12
12.809,09/12/2023,09/12/2023,2023,12
12.809,08/12/2023,08/12/2023,2023,12
12.809,07/12/2023,07/12/2023,2023,12
12.753,06/12/2023,06/12/2023,2023,12
12.76,05/12/2023,05/12/2023,2023,12
12.772,04/12/2023,04/12/2023,2023,12
12.747,03/12/2023,03/12/2023,2023,12
12.747,02/12/2023,02/12/2023,2023,12
12.747,01/12/2023,01/12/2023,2023,12
12.679,30/11/2023,30/11/2023,2023,11
12.766,29/11/2023,29/11/2023,2023,11
12.803,28/11/2023,28/11/2023,2023,11
12.747,27/11/2023,27/11/2023,2023,11
12.809,26/11/2023,26/11/2023,2023,11
12.809,25/11/2023,25/11/2023,2023,11
12.809,24/11/2023,24/11/2023,2023,11
12.649,23/11/2023,23/11/2023,2023,11
12.655,22/11/2023,22/11/2023,2023,11
12.852,21/11/2023,21/11/2023,2023,11
12.803,20/11/2023,20/11/2023,2023,11
12.803,19/11/2023,19/11/2023,2023,11
12.803,18/11/2023,18/11/2023,2023,11
12.803,17/11/2023,17/11/2023,2023,11
12.723,16/11/2023,16/11/2023,2023,11
12.797,15/11/2023,15/11/2023,2023,11
12.784,14/11/2023,14/11/2023,2023,11
12.809,13/11/2023,13/11/2023,2023,11
12.667,12/11/2023,12/11/2023,2023,11
12.667,11/11/2023,11/11/2023,2023,11
12.667,10/11/2023,10/11/2023,2023,11
12.76,09/11/2023,09/11/2023,2023,11
12.679,08/11/2023,08/11/2023,2023,11
12.692,07/11/2023,07/11/2023,2023,11
12.71,06/11/2023,06/11/2023,2023,11
12.71,05/11/2023,05/11/2023,2023,11
12.71,04/11/2023,04/11/2023,2023,11
12.71,03/11/2023,03/11/2023,2023,11
12.642,02/11/2023,02/11/2023,2023,11
12.649,01/11/2023,01/11/2023,2023,11
12.575,31/10/2023,31/10/2023,2023,10
12.673,30/10/2023,30/10/2023,2023,10
12.704,29/10/2023,29/10/2023,2023,10
12.704,28/10/2023,28/10/2023,2023,10
12.704,27/10/2023,27/10/2023,2023,10
12.692,26/10/2023,26/10/2023,2023,10
12.76,25/10/2023,25/10/2023,2023,10
12.784,24/10/2023,24/10/2023,2023,10
11.249,23/10/2023,23/10/2023,2023,10
11.317,22/10/2023,22/10/2023,2023,10
11.317,21/10/2023,21/10/2023,2023,10
11.317,20/10/2023,20/10/2023,2023,10
11.2,19/10/2023,19/10/2023,2023,10
11.286,18/10/2023,18/10/2023,2023,10
11.243,17/10/2023,17/10/2023,2023,10
11.243,16/10/2023,16/10/2023,2023,10
11.243,15/10/2023,15/10/2023,2023,10
11.243,14/10/2023,14/10/2023,2023,10
11.243,13/10/2023,13/10/2023,2023,10
11.243,12/10/2023,12/10/2023,2023,10
11.293,11/10/2023,11/10/2023,2023,10
11.126,10/10/2023,10/10/2023,2023,10
11.286,09/10/2023,09/10/2023,2023,10
11.231,08/10/2023,08/10/2023,2023,10
11.231,07/10/2023,07/10/2023,2023,10
11.231,06/10/2023,06/10/2023,2023,10
11.163,05/10/2023,05/10/2023,2023,10
11.224,04/10/2023,04/10/2023,2023,10
11.089,03/10/2023,03/10/2023,2023,10
11.132,02/10/2023,02/10/2023,2023,10
11.2,01/10/2023,01/10/2023,2023,10
11.2,30/09/2023,30/09/2023,2023,9
11.2,29/09/2023,29/09/2023,2023,9
11.2,28/09/2023,28/09/2023,2023,9
11.108,27/09/2023,27/09/2023,2023,9
11.126,26/09/2023,26/09/2023,2023,9
11.212,25/09/2023,25/09/2023,2023,9
11.231,24/09/2023,24/09/2023,2023,9
11.231,23/09/2023,23/09/2023,2023,9
11.231,22/09/2023,22/09/2023,2023,9
11.219,21/09/2023,21/09/2023,2023,9
11.36,20/09/2023,20/09/2023,2023,9
11.36,19/09/2023,19/09/2023,2023,9
11.305,18/09/2023,18/09/2023,2023,9
11.268,17/09/2023,17/09/2023,2023,9
11.268,16/09/2023,16/09/2023,2023,9
11.268,15/09/2023,15/09/2023,2023,9
11.206,14/09/2023,14/09/2023,2023,9
11.231,13/09/2023,13/09/2023,2023,9
11.243,12/09/2023,12/09/2023,2023,9
11.298,11/09/2023,11/09/2023,2023,9
11.261,10/09/2023,10/09/2023,2023,9
11.261,09/09/2023,09/09/2023,2023,9
11.261,08/09/2023,08/09/2023,2023,9
11.187,07/09/2023,07/09/2023,2023,9
11.2,06/09/2023,06/09/2023,2023,9
11.095,05/09/2023,05/09/2023,2023,9
11.249,04/09/2023,04/09/2023,2023,9
11.15,03/09/2023,03/09/2023,2023,9
11.15,02/09/2023,02/09/2023,2023,9
11.15,01/09/2023,01/09/2023,2023,9
11.138,31/08/2023,31/08/2023,2023,8
11.138,30/08/2023,30/08/2023,2023,8
11.138,29/08/2023,29/08/2023,2023,8
11.071,28/08/2023,28/08/2023,2023,8
11.145,27/08/2023,27/08/2023,2023,8
11.145,26/08/2023,26/08/2023,2023,8
11.145,25/08/2023,25/08/2023,2023,8
11.212,24/08/2023,24/08/2023,2023,8
11.182,23/08/2023,23/08/2023,2023,8
9.387,22/08/2023,22/08/2023,2023,8
9.178,21/08/2023,21/08/2023,2023,8
9.178,20/08/2023,20/08/2023,2023,8
9.178,19/08/2023,19/08/2023,2023,8
9.178,18/08/2023,18/08/2023,2023,8
9.141,17/08/2023,17/08/2023,2023,8
9.184,16/08/2023,16/08/2023,2023,8
9.036,15/08/2023,15/08/2023,2023,8
9.184,14/08/2023,14/08/2023,2023,8
9.197,13/08/2023,13/08/2023,2023,8
9.197,12/08/2023,12/08/2023,2023,8
9.197,11/08/2023,11/08/2023,2023,8
9.184,10/08/2023,10/08/2023,2023,8
9.197,09/08/2023,09/08/2023,2023,8
9.092,08/08/2023,08/08/2023,2023,8
9.16,07/08/2023,07/08/2023,2023,8
9.166,06/08/2023,06/08/2023,2023,8
9.166,05/08/2023,05/08/2023,2023,8
9.166,04/08/2023,04/08/2023,2023,8
9.036,03/08/2023,03/08/2023,2023,8
9.061,02/08/2023,02/08/2023,2023,8
9.067,01/08/2023,01/08/2023,2023,8
9.123,31/07/2023,31/07/2023,2023,7
9.135,30/07/2023,30/07/2023,2023,7
9.135,29/07/2023,29/07/2023,2023,7
9.135,28/07/2023,28/07/2023,2023,7
9.005,27/07/2023,27/07/2023,2023,7
9.073,26/07/2023,26/07/2023,2023,7
9.079,25/07/2023,25/07/2023,2023,7
9.19,24/07/2023,24/07/2023,2023,7
9.16,23/07/2023,23/07/2023,2023,7
9.16,22/07/2023,22/07/2023,2023,7
9.16,21/07/2023,21/07/2023,2023,7
9.166,20/07/2023,20/07/2023,2023,7
9.178,19/07/2023,19/07/2023,2023,7
9.135,18/07/2023,18/07/2023,2023,7
9.215,17/07/2023,17/07/2023,2023,7
9.141,16/07/2023,16/07/2023,2023,7
9.141,15/07/2023,15/07/2023,2023,7
9.141,14/07/2023,14/07/2023,2023,7
9.178,13/07/2023,13/07/2023,2023,7
9.209,12/07/2023,12/07/2023,2023,7
9.104,11/07/2023,11/07/2023,2023,7
9.203,10/07/2023,10/07/2023,2023,7
9.098,09/07/2023,09/07/2023,2023,7
9.098,08/07/2023,08/07/2023,2023,7
9.098,07/07/2023,07/07/2023,2023,7
9.129,06/07/2023,06/07/2023,2023,7
9.184,05/07/2023,05/07/2023,2023,7
9.036,04/07/2023,04/07/2023,2023,7
9.098,03/07/2023,03/07/2023,2023,7
9.03,02/07/2023,02/07/2023,2023,7
9.03,01/07/2023,01/07/2023,2023,7
9.03,30/06/2023,30/06/2023,2023,6
9.079,29/06/2023,29/06/2023,2023,6
9.153,28/06/2023,28/06/2023,2023,6
9.123,27/06/2023,27/06/2023,2023,6
9.123,26/06/2023,26/06/2023,2023,6
9.123,25/06/2023,25/06/2023,2023,6
9.123,24/06/2023,24/06/2023,2023,6
9.123,23/06/2023,23/06/2023,2023,6
9.073,22/06/2023,22/06/2023,2023,6
9.19,21/06/2023,21/06/2023,2023,6
9.147,20/06/2023,20/06/2023,2023,6
9.147,19/06/2023,19/06/2023,2023,6
9.147,18/06/2023,18/06/2023,2023,6
9.147,17/06/2023,17/06/2023,2023,6
9.147,16/06/2023,16/06/2023,2023,6
9.067,15/06/2023,15/06/2023,2023,6
9.11,14/06/2023,14/06/2023,2023,6
9.129,13/06/2023,13/06/2023,2023,6
9.172,12/06/2023,12/06/2023,2023,6
9.116,11/06/2023,11/06/2023,2023,6
9.116,10/06/2023,10/06/2023,2023,6
9.116,09/06/2023,09/06/2023,2023,6
9.166,08/06/2023,08/06/2023,2023,6
9.067,07/06/2023,07/06/2023,2023,6
9.104,06/06/2023,06/06/2023,2023,6
9.19,05/06/2023,05/06/2023,2023,6
9.024,04/06/2023,04/06/2023,2023,6
9.024,03/06/2023,03/06/2023,2023,6
9.024,02/06/2023,02/06/2023,2023,6
9.049,01/06/2023,01/06/2023,2023,6
9.079,31/05/2023,31/05/2023,2023,5
9.092,30/05/2023,30/05/2023,2023,5
9.184,29/05/2023,29/05/2023,2023,5
9.178,28/05/2023,28/05/2023,2023,5
9.178,27/05/2023,27/05/2023,2023,5
9.178,26/05/2023,26/05/2023,2023,5
9.178,25/05/2023,25/05/2023,2023,5
9.178,24/05/2023,24/05/2023,2023,5
9.16,23/05/2023,23/05/2023,2023,5
8.778,22/05/2023,22/05/2023,2023,5
8.667,21/05/2023,21/05/2023,2023,5
8.667,20/05/2023,20/05/2023,2023,5
8.667,19/05/2023,19/05/2023,2023,5
8.685,18/05/2023,18/05/2023,2023,5
8.697,17/05/2023,17/05/2023,2023,5
8.487,16/05/2023,16/05/2023,2023,5
8.667,15/05/2023,15/05/2023,2023,5
8.642,14/05/2023,14/05/2023,2023,5
8.642,13/05/2023,13/05/2023,2023,5
8.642,12/05/2023,12/05/2023,2023,5
8.605,11/05/2023,11/05/2023,2023,5
8.63,10/05/2023,10/05/2023,2023,5
8.63,09/05/2023,09/05/2023,2023,5
8.63,08/05/2023,08/05/2023,2023,5
7.52,07/05/2023,07/05/2023,2023,5
7.52,06/05/2023,06/05/2023,2023,5
7.52,05/05/2023,05/05/2023,2023,5
7.532,04/05/2023,04/05/2023,2023,5
7.292,03/05/2023,03/05/2023,2023,5
7.372,02/05/2023,02/05/2023,2023,5
7.279,01/05/2023,01/05/2023,2023,5
7.279,30/04/2023,30/04/2023,2023,4
7.279,29/04/2023,29/04/2023,2023,4
7.279,28/04/2023,28/04/2023,2023,4
7.205,27/04/2023,27/04/2023,2023,4
7.2,26/04/2023,26/04/2023,2023,4
7.156,25/04/2023,25/04/2023,2023,4
7.236,24/04/2023,24/04/2023,2023,4
7.212,23/04/2023,23/04/2023,2023,4
7.212,22/04/2023,22/04/2023,2023,4
7.212,21/04/2023,21/04/2023,2023,4
7.181,20/04/2023,20/04/2023,2023,4
7.193,19/04/2023,19/04/2023,2023,4
7.144,18/04/2023,18/04/2023,2023,4
7.218,17/04/2023,17/04/2023,2023,4
7.156,16/04/2023,16/04/2023,2023,4
7.156,15/04/2023,15/04/2023,2023,4
7.156,14/04/2023,14/04/2023,2023,4
7.089,13/04/2023,13/04/2023,2023,4
7.168,12/04/2023,12/04/2023,2023,4
7.144,11/04/2023,11/04/2023,2023,4
7.094,10/04/2023,10/04/2023,2023,4
7.113,09/04/2023,09/04/2023,2023,4
7.113,08/04/2023,08/04/2023,2023,4
7.113,07/04/2023,07/04/2023,2023,4
7.113,06/04/2023,06/04/2023,2023,4
7.113,05/04/2023,05/04/2023,2023,4
7.131,04/04/2023,04/04/2023,2023,4
7.267,03/04/2023,03/04/2023,2023,4
7.008,02/04/2023,02/04/2023,2023,4
7.008,01/04/2023,01/04/2023,2023,4
7.008,31/03/2023,31/03/2023,2023,3
7.039,30/03/2023,30/03/2023,2023,3
7.057,29/03/2023,29/03/2023,2023,3
7.101,28/03/2023,28/03/2023,2023,3
7.089,27/03/2023,27/03/2023,2023,3
6.922,26/03/2023,26/03/2023,2023,3
6.922,25/03/2023,25/03/2023,2023,3
6.922,24/03/2023,24/03/2023,2023,3
6.922,23/03/2023,23/03/2023,2023,3
6.959,22/03/2023,22/03/2023,2023,3
6.909,21/03/2023,21/03/2023,2023,3
6.928,20/03/2023,20/03/2023,2023,3
6.867,19/03/2023,19/03/2023,2023,3
6.867,18/03/2023,18/03/2023,2023,3
6.867,17/03/2023,17/03/2023,2023,3
6.909,16/03/2023,16/03/2023,2023,3
6.934,15/03/2023,15/03/2023,2023,3
6.867,14/03/2023,14/03/2023,2023,3
6.928,13/03/2023,13/03/2023,2023,3
6.922,12/03/2023,12/03/2023,2023,3
6.9222,11/03/2023,11/03/2023,2023,3
6.922,10/03/2023,10/03/2023,2023,3
6.879,09/03/2023,09/03/2023,2023,3
6.934,08/03/2023,08/03/2023,2023,3
6.842,07/03/2023,07/03/2023,2023,3
6.879,06/03/2023,06/03/2023,2023,3
6.909,05/03/2023,05/03/2023,2023,3
6.909,04/03/2023,04/03/2023,2023,3
6.909,03/03/2023,03/03/2023,2023,3
6.842,02/03/2023,02/03/2023,2023,3
6.953,01/03/2023,01/03/2023,2023,3
6.872,28/02/2023,28/02/2023,2023,2
6.879,27/02/2023,27/02/2023,2023,2
6.872,24/02/2023,26/02/2023,2023,2
6.848,23/02/2023,23/02/2023,2023,2
6.983,22/02/2023,22/02/2023,2023,2
6.928,17/02/2023,21/02/2023,2023,2
6.891,16/02/2023,16/02/2023,2023,2
6.854,15/02/2023,15/02/2023,2023,2
6.835,14/02/2023,14/02/2023,2023,2
6.909,13/02/2023,13/02/2023,2023,2
6.854,10/02/2023,12/02/2023,2023,2
6.823,09/02/2023,09/02/2023,2023,2
6.885,08/02/2023,08/02/2023,2023,2
6.842,07/02/2023,07/02/2023,2023,2
6.928,06/02/2023,06/02/2023,2023,2
6.743,03/02/2023,05/02/2023,2023,2
6.823,02/02/2023,02/02/2023,2023,2
6.916,01/02/2023,01/02/2023,2023,2
6.811,31/01/2023,31/01/2023,2023,1
6.953,30/01/2023,30/01/2023,2023,1
6.811,27/01/2023,29/01/2023,2023,1
6.823,26/01/2023,26/01/2023,2023,1
6.83,25/01/2023,25/01/2023,2023,1
6.86,24/01/2023,24/01/2023,2023,1
6.904,23/01/2023,23/01/2023,2023,1
6.879,20/01/2023,22/01/2023,2023,1
6.897,19/01/2023,19/01/2023,2023,1
6.922,18/01/2023,18/01/2023,2023,1
6.786,17/01/2023,17/01/2023,2023,1
6.835,13/01/2023,16/01/2023,2023,1
6.842,12/01/2023,12/01/2023,2023,1
6.885,11/01/2023,11/01/2023,2023,1
6.756,10/01/2023,10/01/2023,2023,1
6.842,06/01/2023,09/01/2023,2023,1
6.786,05/01/2023,05/01/2023,2023,1
6.83,04/01/2023,04/01/2023,2023,1
6.756,03/01/2023,03/01/2023,2023,1
6.854,02/01/2023,02/01/2023,2023,1
6.83,30/12/2022,01/01/2023,2022,12
6.872,29/12/2022,29/12/2022,2022,12
6.493,28/12/2022,28/12/2022,2022,12
6.811,27/12/2022,27/12/2022,2022,12
6.842,26/12/2022,26/12/2022,2022,12
6.86,23/12/2022,25/12/2022,2022,12
6.798,22/12/2022,22/12/2022,2022,12
6.854,21/12/2022,21/12/2022,2022,12
6.854,20/12/2022,20/12/2022,2022,12
6.854,19/12/2022,19/12/2022,2022,12
6.842,16/12/2022,18/12/2022,2022,12
6.817,15/12/2022,15/12/2022,2022,12
6.897,14/12/2022,14/12/2022,2022,12
6.805,13/12/2022,13/12/2022,2022,12
6.811,12/12/2022,12/12/2022,2022,12
6.854,07/12/2022,11/12/2022,2022,12
6.737,06/12/2022,06/12/2022,2022,12
6.835,05/12/2022,05/12/2022,2022,12
6.823,02/12/2022,04/12/2022,2022,12
6.743,01/12/2022,01/12/2022,2022,12
6.83,30/11/2022,30/11/2022,2022,11
6.867,29/11/2022,29/11/2022,2022,11
6.761,28/11/2022,28/11/2022,2022,11
6.774,25/11/2022,27/11/2022,2022,11
6.83,24/11/2022,24/11/2022,2022,11
6.768,23/11/2022,23/11/2022,2022,11
6.872,22/11/2022,22/11/2022,2022,11
6.904,18/11/2022,21/11/2022,2022,11
6.916,17/11/2022,17/11/2022,2022,11
6.749,16/11/2022,16/11/2022,2022,11
6.811,15/11/2022,15/11/2022,2022,11
6.848,14/11/2022,14/11/2022,2022,11
6.867,11/11/2022,13/11/2022,2022,11
6.78,10/11/2022,10/11/2022,2022,11
6.885,09/11/2022,09/11/2022,2022,11
6.817,08/11/2022,08/11/2022,2022,11
6.854,07/11/2022,07/11/2022,2022,11
6.786,04/11/2022,06/11/2022,2022,11
6.798,03/11/2022,03/11/2022,2022,11
6.83,02/11/2022,02/11/2022,2022,11
6.731,01/11/2022,01/11/2022,2022,11
6.817,28/10/2022,31/10/2022,2022,10
6.768,27/10/2022,27/10/2022,2022,10
6.774,26/10/2022,26/10/2022,2022,10
6.731,25/10/2022,25/10/2022,2022,10
6.848,24/10/2022,24/10/2022,2022,10
6.78,21/10/2022,23/10/2022,2022,10
6.842,20/10/2022,20/10/2022,2022,10
6.86,19/10/2022,19/10/2022,2022,10
6.885,18/10/2022,18/10/2022,2022,10
6.768,17/10/2022,17/10/2022,2022,10
6.854,14/10/2022,16/10/2022,2022,10
6.78,13/10/2022,13/10/2022,2022,10
6.885,12/10/2022,12/10/2022,2022,10
6.817,11/10/2022,11/10/2022,2022,10
6.817,06/10/2022,10/10/2022,2022,10
6.805,05/10/2022,05/10/2022,2022,10
6.731,04/10/2022,04/10/2022,2022,10
6.83,03/10/2022,03/10/2022,2022,10
6.78,30/09/2022,02/10/2022,2022,9
6.768,29/09/2022,29/09/2022,2022,9
6.872,28/09/2022,28/09/2022,2022,9
6.774,26/09/2022,27/09/2022,2022,9
6.724,23/09/2022,25/09/2022,2022,9
6.318,22/09/2022,22/09/2022,2022,9
6.3,21/09/2022,21/09/2022,2022,9
6.305,20/09/2022,20/09/2022,2022,9
6.33,19/09/2022,19/09/2022,2022,9
6.281,16/09/2022,18/09/2022,2022,9
6.268,15/09/2022,15/09/2022,2022,9
6.293,14/09/2022,14/09/2022,2022,9
6.207,13/09/2022,13/09/2022,2022,9
6.33,12/09/2022,12/09/2022,2022,9
6.373,09/09/2022,11/09/2022,2022,9
6.3,08/09/2022,08/09/2022,2022,9
6.238,07/09/2022,07/09/2022,2022,9
6.275,06/09/2022,06/09/2022,2022,9
6.256,05/09/2022,05/09/2022,2022,9
6.244,01/09/2022,04/09/2022,2022,9
6.25,31/08/2022,31/08/2022,2022,8
6.219,30/08/2022,30/08/2022,2022,8
6.324,29/08/2022,29/08/2022,2022,8
6.189,26/08/2022,28/08/2022,2022,8
6.25,25/08/2022,25/08/2022,2022,8
6.263,24/08/2022,24/08/2022,2022,8
6.287,23/08/2022,23/08/2022,2022,8
6.263,22/08/2022,22/08/2022,2022,8
5.578,19/08/2022,21/08/2022,2022,8
5.541,18/08/2022,18/08/2022,2022,8
5.498,17/08/2022,17/08/2022,2022,8
5.578,16/08/2022,16/08/2022,2022,8
5.553,12/08/2022,15/08/2022,2022,8
5.541,11/08/2022,11/08/2022,2022,8
5.56,10/08/2022,10/08/2022,2022,8
5.5461,09/08/2022,09/08/2022,2022,8
5.572,08/08/2022,08/08/2022,2022,8
5.486,05/08/2022,07/08/2022,2022,8
5.03,04/08/2022,04/08/2022,2022,8
5.017,03/08/2022,03/08/2022,2022,8
4.98,02/08/2022,02/08/2022,2022,8
4.998,01/08/2022,01/08/2022,2022,8
5.005,29/07/2022,31/07/2022,2022,7
5.03,28/07/2022,28/07/2022,2022,7
4.986,27/07/2022,27/07/2022,2022,7
5.005,26/07/2022,26/07/2022,2022,7
5.011,25/07/2022,25/07/2022,2022,7
5.017,22/07/2022,24/07/2022,2022,7
5.03,21/07/2022,21/07/2022,2022,7
5.017,20/07/2022,20/07/2022,2022,7
5.005,19/07/2022,19/07/2022,2022,7
5.03,15/07/2022,18/07/2022,2022,7
5.011,14/07/2022,14/07/2022,2022,7
5.035,13/07/2022,13/07/2022,2022,7
5.005,12/07/2022,12/07/2022,2022,7
5.017,11/07/2022,11/07/2022,2022,7
5.023,08/07/2022,10/07/2022,2022,7
4.993,07/07/2022,07/07/2022,2022,7
5.005,06/07/2022,06/07/2022,2022,7
4.986,05/07/2022,05/07/2022,2022,7
5.011,04/07/2022,04/07/2022,2022,7
4.98,01/07/2022,03/07/2022,2022,7
4.998,29/06/2022,29/06/2022,2022,6
5.011,28/06/2022,28/06/2022,2022,6
4.604,27/06/2022,27/06/2022,2022,6
4.586,24/06/2022,26/06/2022,2022,6
4.567,23/06/2022,23/06/2022,2022,6
4.598,22/06/2022,22/06/2022,2022,6
4.592,21/06/2022,21/06/2022,2022,6
4.586,16/06/2022,20/06/2022,2022,6
4.598,15/06/2022,15/06/2022,2022,6
4.592,14/06/2022,14/06/2022,2022,6
4.598,13/06/2022,13/06/2022,2022,6
4.579,10/06/2022,12/06/2022,2022,6
4.586,09/06/2022,09/06/2022,2022,6
4.604,08/06/2022,08/06/2022,2022,6
4.518,07/06/2022,07/06/2022,2022,6
4.586,06/06/2022,06/06/2022,2022,6
4.579,03/06/2022,05/06/2022,2022,6
4.586,02/06/2022,02/06/2022,2022,6
4.573,01/06/2022,01/06/2022,2022,6
4.579,31/05/2022,31/05/2022,2022,5
4.573,30/05/2022,30/05/2022,2022,5
4.592,27/05/2022,29/05/2022,2022,5
4.586,26/05/2022,26/05/2022,2022,5
4.505,24/05/2022,25/05/2022,2022,5
4.573,23/05/2022,23/05/2022,2022,5
4.394,20/05/2022,22/05/2022,2022,5
4.401,19/05/2022,19/05/2022,2022,5
4.376,17/05/2022,18/05/2022,2022,5
4.401,16/05/2022,16/05/2022,2022,5
4.394,13/05/2022,15/05/2022,2022,5
4.401,12/05/2022,12/05/2022,2022,5
4.382,10/05/2022,11/05/2022,2022,5
4.401,09/05/2022,09/05/2022,2022,5
4.376,06/05/2022,08/05/2022,2022,5
4.389,05/05/2022,05/05/2022,2022,5
4.394,04/05/2022,04/05/2022,2022,5
4.401,03/05/2022,03/05/2022,2022,5
4.382,02/05/2022,02/05/2022,2022,5
4.37,29/04/2022,01/05/2022,2022,4
4.376,28/04/2022,28/04/2022,2022,4
4.37,27/04/2022,27/04/2022,2022,4
4.364,26/04/2022,26/04/2022,2022,4
4.394,25/04/2022,25/04/2022,2022,4
4.13,21/04/2022,24/04/2022,2022,4
4.142,20/04/2022,20/04/2022,2022,4
4.135,18/04/2022,19/04/2022,2022,4
4.154,12/04/2022,17/04/2022,2022,4
4.142,08/04/2022,11/04/2022,2022,4
4.123,07/04/2022,07/04/2022,2022,4
4.142,06/04/2022,06/04/2022,2022,4
4.135,05/04/2022,05/04/2022,2022,4
4.142,04/04/2022,04/04/2022,2022,4
4.135,01/04/2022,04/04/2022,2022,4
4.117,31/03/2022,03/04/2022,2022,3
3.932,30/03/2022,30/03/2022,2022,3
3.945,29/03/2022,29/03/2022,2022,3
3.95,28/03/2022,28/03/2022,2022,3
3.963,25/03/2022,27/03/2022,2022,3
3.95,23/03/2022,24/03/2022,2022,3
3.945,22/03/2022,22/03/2022,2022,3
3.932,21/03/2022,21/03/2022,2022,3
3.938,18/03/2022,20/03/2022,2022,3
3.95,17/03/2022,17/03/2022,2022,3
3.932,16/03/2022,16/03/2022,2022,3
3.945,15/03/2022,15/03/2022,2022,3
3.95,14/03/2022,14/03/2022,2022,3
3.92,11/03/2022,13/03/2022,2022,3
3.95,10/03/2022,10/03/2022,2022,3
3.957,09/03/2022,09/03/2022,2022,3
3.938,07/03/2022,08/03/2022,2022,3
3.95,03/03/2022,06/03/2022,2022,3
3.932,02/03/2022,02/03/2022,2022,3
3.938,25/02/2022,01/03/2022,2022,2
3.71,24/02/2022,24/02/2022,2022,2
3.716,23/02/2022,23/02/2022,2022,2
3.71,22/02/2022,22/02/2022,2022,2
3.698,21/02/2022,21/02/2022,2022,2
3.704,18/02/2022,20/02/2022,2022,2
3.698,17/02/2022,17/02/2022,2022,2
3.716,16/02/2022,16/02/2022,2022,2
3.692,15/02/2022,15/02/2022,2022,2
3.686,14/02/2022,14/02/2022,2022,2
3.704,09/02/2022,13/02/2022,2022,2
3.698,08/02/2022,08/02/2022,2022,2
3.71,07/02/2022,07/02/2022,2022,2
3.723,04/02/2022,06/02/2022,2022,2
3.704,02/02/2022,03/02/2022,2022,2
3.71,01/02/2022,01/02/2022,2022,2
3.71,31/01/2022,31/01/2022,2022,1
3.698,28/01/2022,30/01/2022,2022,1
3.71,27/01/2022,27/01/2022,2022,1
3.704,26/01/2022,26/01/2022,2022,1
3.698,25/01/2022,25/01/2022,2022,1
3.723,24/01/2022,24/01/2022,2022,1
3.71,21/01/2022,23/01/2022,2022,1
3.692,19/01/2022,20/01/2022,2022,1
3.686,18/01/2022,18/01/2022,2022,1
3.71,17/01/2022,17/01/2022,2022,1
3.686,14/01/2022,16/01/2022,2022,1
3.371,13/01/2022,13/01/2022,2022,1
3.378,11/01/2022,12/01/2022,2022,1
3.371,10/01/2022,10/01/2022,2022,1
3.365,07/01/2022,09/01/2022,2022,1
3.371,06/01/2022,06/01/2022,2022,1
3.378,03/01/2022,05/01/2022,2022,1
3.371,30/12/2021,02/01/2022,2021,12
3.378,27/12/2021,29/12/2021,2021,12
3.371,22/12/2021,26/12/2021,2021,12
3.383,21/12/2021,21/12/2021,2021,12
3.365,20/12/2021,20/12/2021,2021,12
3.371,17/12/2021,19/12/2021,2021,12
3.378,16/12/2021,16/12/2021,2021,12
3.365,15/12/2021,15/12/2021,2021,12
3.378,14/12/2021,14/12/2021,2021,12
3.365,13/12/2021,13/12/2021,2021,12
3.359,10/12/2021,12/12/2021,2021,12
3.371,09/12/2021,09/12/2021,2021,12
3.365,07/12/2021,08/12/2021,2021,12
3.378,06/12/2021,06/12/2021,2021,12
3.365,02/12/2021,05/12/2021,2021,12
3.371,29/11/2021,01/12/2021,2021,11
3.378,26/11/2021,28/11/2021,2021,11
3.371,25/11/2021,25/11/2021,2021,11
3.378,24/11/2021,24/11/2021,2021,11
3.365,19/11/2021,23/11/2021,2021,11
3.353,18/11/2021,18/11/2021,2021,11
3.371,16/11/2021,17/11/2021,2021,11
3.378,12/11/2021,15/11/2021,2021,11
3.371,11/11/2021,11/11/2021,2021,11
3.365,09/11/2021,10/11/2021,2021,11
3.378,08/11/2021,08/11/2021,2021,11
3.365,01/11/2021,07/11/2021,2021,11
3.378,29/10/2021,31/10/2021,2021,10
3.371,28/10/2021,28/10/2021,2021,10
3.365,26/10/2021,27/10/2021,2021,10
3.371,25/10/2021,25/10/2021,2021,10
3.359,21/10/2021,24/10/2021,2021,10
3.371,20/10/2021,20/10/2021,2021,10
3.365,18/10/2021,19/10/2021,2021,10
3.378,15/10/2021,17/10/2021,2021,10
3.359,14/10/2021,14/10/2021,2021,10
3.365,13/10/2021,13/10/2021,2021,10
3.371,06/10/2021,12/10/2021,2021,10
3.365,01/10/2021,05/10/2021,2021,10
3.378,30/09/2021,30/09/2021,2021,9
3.371,29/09/2021,29/09/2021,2021,9
3.365,28/09/2021,28/09/2021,2021,9
3.371,27/09/2021,27/09/2021,2021,9
3.365,24/09/2021,26/09/2021,2021,9
3.378,23/09/2021,23/09/2021,2021,9
3.359,22/09/2021,22/09/2021,2021,9
3.346,21/09/2021,21/09/2021,2021,9
3.371,20/09/2021,20/09/2021,2021,9
3.359,17/09/2021,19/09/2021,2021,9
3.371,16/09/2021,16/09/2021,2021,9
3.378,15/09/2021,15/09/2021,2021,9
3.371,14/09/2021,14/09/2021,2021,9
3.383,13/09/2021,13/09/2021,2021,9
3.365,09/09/2021,12/09/2021,2021,9
3.371,06/09/2021,08/09/2021,2021,9
3.365,02/09/2021,05/09/2021,2021,9
3.371,01/09/2021,01/09/2021,2021,9
3.365,31/08/2021,31/08/2021,2021,8
3.371,30/08/2021,30/08/2021,2021,8
3.359,27/08/2021,29/08/2021,2021,8
3.371,26/08/2021,26/08/2021,2021,8
3.359,25/08/2021,25/08/2021,2021,8
3.378,24/08/2021,24/08/2021,2021,8
3.365,23/08/2021,23/08/2021,2021,8
3.371,20/08/2021,22/08/2021,2021,8
3.359,19/08/2021,19/08/2021,2021,8
3.371,18/08/2021,18/08/2021,2021,8
3.378,13/08/2021,17/08/2021,2021,8
3.371,12/08/2021,12/08/2021,2021,8
3.353,11/08/2021,11/08/2021,2021,8
3.371,09/08/2021,10/08/2021,2021,8
3.365,04/08/2021,08/08/2021,2021,8
3.371,02/08/2021,03/08/2021,2021,8
3.365,30/07/2021,01/08/2021,2021,7
3.359,29/07/2021,29/07/2021,2021,7
3.371,27/07/2021,28/07/2021,2021,7
3.365,26/07/2021,26/07/2021,2021,7
3.359,23/07/2021,25/07/2021,2021,7
3.371,22/07/2021,22/07/2021,2021,7
3.365,21/07/2021,21/07/2021,2021,7
3.341,20/07/2021,20/07/2021,2021,7
3.365,19/07/2021,19/07/2021,2021,7
3.371,16/07/2021,18/07/2021,2021,7
3.378,15/07/2021,15/07/2021,2021,7
3.371,14/07/2021,14/07/2021,2021,7
3.353,13/07/2021,13/07/2021,2021,7
3.371,12/07/2021,12/07/2021,2021,7
3.365,07/07/2021,11/07/2021,2021,7
3.359,06/07/2021,06/07/2021,2021,7
3.365,02/07/2021,05/07/2021,2021,7
3.359,01/07/2021,01/07/2021,2021,7
3.371,30/06/2021,30/06/2021,2021,6
3.365,29/06/2021,29/06/2021,2021,6
3.371,28/06/2021,28/06/2021,2021,6
3.353,25/06/2021,27/06/2021,2021,6
3.365,24/06/2021,24/06/2021,2021,6
3.371,23/06/2021,23/06/2021,2021,6
3.365,18/06/2021,22/06/2021,2021,6
3.378,17/06/2021,17/06/2021,2021,6
3.353,16/06/2021,16/06/2021,2021,6
3.371,15/06/2021,15/06/2021,2021,6
3.378,14/06/2021,14/06/2021,2021,6
3.341,11/06/2021,13/06/2021,2021,6
3.365,10/06/2021,10/06/2021,2021,6
3.371,09/06/2021,09/06/2021,2021,6
3.359,08/06/2021,08/06/2021,2021,6
3.365,07/06/2021,07/06/2021,2021,6
3.359,04/06/2021,06/06/2021,2021,6
3.365,03/06/2021,03/06/2021,2021,6
3.371,02/06/2021,02/06/2021,2021,6
3.359,01/06/2021,01/06/2021,2021,6
3.365,31/05/2021,31/05/2021,2021,5
3.371,27/05/2021,30/05/2021,2021,5
3.359,21/05/2021,26/05/2021,2021,5
3.371,19/05/2021,20/05/2021,2021,5
3.365,18/05/2021,18/05/2021,2021,5
3.353,17/05/2021,17/05/2021,2021,5
3.365,13/05/2021,16/05/2021,2021,5
3.341,12/05/2021,12/05/2021,2021,5
3.365,11/05/2021,11/05/2021,2021,5
3.378,10/05/2021,10/05/2021,2021,5
3.359,07/05/2021,09/05/2021,2021,5
3.371,06/05/2021,06/05/2021,2021,5
3.346,05/05/2021,05/05/2021,2021,5
3.365,04/05/2021,04/05/2021,2021,5
3.359,03/05/2021,03/05/2021,2021,5
3.365,30/04/2021,02/05/2021,2021,4
3.378,29/04/2021,29/04/2021,2021,4
3.365,28/04/2021,28/04/2021,2021,4
3.359,27/04/2021,27/04/2021,2021,4
3.371,26/04/2021,26/04/2021,2021,4
3.365,23/04/2021,25/04/2021,2021,4
3.359,22/04/2021,22/04/2021,2021,4
3.353,21/04/2021,21/04/2021,2021,4
3.371,19/04/2021,20/04/2021,2021,4
3.359,14/04/2021,18/04/2021,2021,4
3.365,13/04/2021,13/04/2021,2021,4
3.346,12/04/2021,12/04/2021,2021,4
3.359,09/04/2021,11/04/2021,2021,4
3.365,08/04/2021,08/04/2021,2021,4
3.328,07/04/2021,07/04/2021,2021,4
3.371,06/04/2021,06/04/2021,2021,4
3.353,05/04/2021,05/04/2021,2021,4
3.371,31/03/2021,04/04/2021,2021,3
3.365,29/03/2021,30/03/2021,2021,3
3.359,26/03/2021,28/03/2021,2021,3
3.365,25/03/2021,25/03/2021,2021,3
3.359,23/03/2021,24/03/2021,2021,3
3.353,22/03/2021,22/03/2021,2021,3
3.371,18/03/2021,21/03/2021,2021,3
3.353,17/03/2021,17/03/2021,2021,3
3.359,16/03/2021,16/03/2021,2021,3
3.371,15/03/2021,15/03/2021,2021,3
3.341,11/03/2021,14/03/2021,2021,3
3.371,10/03/2021,10/03/2021,2021,3
3.359,08/03/2021,09/03/2021,2021,3
3.316,05/03/2021,07/03/2021,2021,3
3.371,03/03/2021,04/03/2021,2021,3
3.365,01/03/2021,02/03/2021,2021,3
3.328,26/02/2021,28/02/2021,2021,2
3.378,24/02/2021,25/02/2021,2021,2
3.353,23/02/2021,23/02/2021,2021,2
3.365,22/02/2021,22/02/2021,2021,2
3.371,19/02/2021,21/02/2021,2021,2
3.378,18/02/2021,18/02/2021,2021,2
3.365,17/02/2021,17/02/2021,2021,2
3.359,12/02/2021,16/02/2021,2021,2
3.371,11/02/2021,11/02/2021,2021,2
3.353,10/02/2021,10/02/2021,2021,2
3.371,04/02/2021,09/02/2021,2021,2
3.359,03/02/2021,03/02/2021,2021,2
3.341,02/02/2021,02/02/2021,2021,2
3.334,01/02/2021,01/02/2021,2021,2
3.353,28/01/2021,31/01/2021,2021,1
3.383,27/01/2021,27/01/2021,2021,1
3.371,25/01/2021,26/01/2021,2021,1
3.408,22/01/2021,24/01/2021,2021,1
3.39,21/01/2021,21/01/2021,2021,1
3.353,20/01/2021,20/01/2021,2021,1
3.365,19/01/2021,19/01/2021,2021,1
3.383,18/01/2021,18/01/2021,2021,1
3.365,15/01/2021,17/01/2021,2021,1
3.334,14/01/2021,14/01/2021,2021,1
3.346,13/01/2021,13/01/2021,2021,1
3.383,12/01/2021,12/01/2021,2021,1
3.359,11/01/2021,11/01/2021,2021,1
3.378,08/01/2021,10/01/2021,2021,1
3.371,07/01/2021,07/01/2021,2021,1
3.365,06/01/2021,06/01/2021,2021,1
3.359,04/01/2021,05/01/2021,2021,1
3.378,30/12/2020,03/01/2021,2020,12
3.383,29/12/2020,29/12/2020,2020,12
3.371,23/12/2020,28/12/2020,2020,12
3.402,22/12/2020,22/12/2020,2020,12
3.359,21/12/2020,21/12/2020,2020,12
3.365,18/12/2020,20/12/2020,2020,12
3.39,17/12/2020,17/12/2020,2020,12
3.378,16/12/2020,16/12/2020,2020,12
3.359,15/12/2020,15/12/2020,2020,12
3.371,14/12/2020,14/12/2020,2020,12
3.383,11/12/2020,13/12/2020,2020,12
3.39,10/12/2020,10/12/2020,2020,12
3.328,04/12/2020,09/12/2020,2020,12
3.359,03/12/2020,03/12/2020,2020,12
3.316,02/12/2020,02/12/2020,2020,12
3.341,01/12/2020,01/12/2020,2020,12
3.359,30/11/2020,30/11/2020,2020,11
3.341,26/11/2020,29/11/2020,2020,11
3.346,25/11/2020,25/11/2020,2020,11
3.341,24/11/2020,24/11/2020,2020,11
3.316,20/11/2020,23/11/2020,2020,11
3.124,19/11/2020,19/11/2020,2020,11
3.112,18/11/2020,18/11/2020,2020,11
3.137,17/11/2020,17/11/2020,2020,11
3.131,16/11/2020,16/11/2020,2020,11
3.137,13/11/2020,15/11/2020,2020,11
3.1,12/11/2020,12/11/2020,2020,11
3.131,09/11/2020,11/11/2020,2020,11
3.124,04/11/2020,08/11/2020,2020,11
3.112,30/10/2020,03/11/2020,2020,10
3.069,29/10/2020,29/10/2020,2020,10
3.131,28/10/2020,28/10/2020,2020,10
3.143,27/10/2020,27/10/2020,2020,10
3.112,26/10/2020,26/10/2020,2020,10
3.124,23/10/2020,25/10/2020,2020,10
2.958,22/10/2020,22/10/2020,2020,10
2.921,21/10/2020,21/10/2020,2020,10
2.94,20/10/2020,20/10/2020,2020,10
2.934,19/10/2020,19/10/2020,2020,10
2.915,16/10/2020,18/10/2020,2020,10
2.927,15/10/2020,15/10/2020,2020,10
2.952,14/10/2020,14/10/2020,2020,10
2.946,13/10/2020,13/10/2020,2020,10
2.927,09/10/2020,12/10/2020,2020,10
2.847,08/10/2020,08/10/2020,2020,10
2.927,07/10/2020,07/10/2020,2020,10
2.964,06/10/2020,06/10/2020,2020,10
2.94,05/10/2020,05/10/2020,2020,10
2.915,01/10/2020,04/10/2020,2020,10
2.884,30/09/2020,30/09/2020,2020,9
2.934,29/09/2020,29/09/2020,2020,9
2.958,28/09/2020,28/09/2020,2020,9
2.946,23/09/2020,27/09/2020,2020,9
2.909,22/09/2020,22/09/2020,2020,9
2.927,21/09/2020,21/09/2020,2020,9
2.909,18/09/2020,20/09/2020,2020,9
2.927,17/09/2020,17/09/2020,2020,9
2.952,16/09/2020,16/09/2020,2020,9
2.946,15/09/2020,15/09/2020,2020,9
2.921,14/09/2020,14/09/2020,2020,9
2.94,11/09/2020,13/09/2020,2020,9
2.958,10/09/2020,10/09/2020,2020,9
2.934,09/09/2020,09/09/2020,2020,9
2.927,08/09/2020,08/09/2020,2020,9
2.921,07/09/2020,07/09/2020,2020,9
2.952,04/09/2020,06/09/2020,2020,9
2.878,03/09/2020,03/09/2020,2020,9
2.946,02/09/2020,02/09/2020,2020,9
2.915,01/09/2020,01/09/2020,2020,9
2.853,31/08/2020,31/08/2020,2020,8
2.915,28/08/2020,30/08/2020,2020,8
2.958,27/08/2020,27/08/2020,2020,8
2.94,26/08/2020,26/08/2020,2020,8
2.952,25/08/2020,25/08/2020,2020,8
2.946,24/08/2020,24/08/2020,2020,8
2.89,21/08/2020,23/08/2020,2020,8
2.934,20/08/2020,20/08/2020,2020,8
2.927,19/08/2020,19/08/2020,2020,8
2.958,18/08/2020,18/08/2020,2020,8
2.921,14/08/2020,17/08/2020,2020,8
2.94,13/08/2020,13/08/2020,2020,8
2.903,12/08/2020,12/08/2020,2020,8
2.884,11/08/2020,11/08/2020,2020,8
2.946,10/08/2020,10/08/2020,2020,8
2.878,07/08/2020,09/08/2020,2020,8
2.921,06/08/2020,06/08/2020,2020,8
2.934,05/08/2020,05/08/2020,2020,8
2.878,04/08/2020,04/08/2020,2020,8
2.897,03/08/2020,03/08/2020,2020,8
2.915,31/07/2020,02/08/2020,2020,7
2.872,30/07/2020,30/07/2020,2020,7
2.927,29/07/2020,29/07/2020,2020,7
2.909,28/07/2020,28/07/2020,2020,7
2.903,27/07/2020,27/07/2020,2020,7
2.915,24/07/2020,26/07/2020,2020,7
2.909,23/07/2020,23/07/2020,2020,7
2.921,22/07/2020,22/07/2020,2020,7
2.915,21/07/2020,21/07/2020,2020,7
2.927,20/07/2020,20/07/2020,2020,7
2.909,17/07/2020,19/07/2020,2020,7
2.934,16/07/2020,16/07/2020,2020,7
2.927,15/07/2020,15/07/2020,2020,7
2.915,13/07/2020,14/07/2020,2020,7
2.934,08/07/2020,12/07/2020,2020,7
2.927,07/07/2020,07/07/2020,2020,7
2.86,06/07/2020,06/07/2020,2020,7
2.921,03/07/2020,05/07/2020,2020,7
2.94,02/07/2020,02/07/2020,2020,7
2.934,30/06/2020,01/07/2020,2020,6
2.921,29/06/2020,29/06/2020,2020,6
2.94,26/06/2020,28/06/2020,2020,6
2.903,25/06/2020,25/06/2020,2020,6
2.94,24/06/2020,24/06/2020,2020,6
2.934,23/06/2020,23/06/2020,2020,6
2.878,22/06/2020,22/06/2020,2020,6
2.927,19/06/2020,21/06/2020,2020,6
2.909,18/06/2020,18/06/2020,2020,6
2.946,17/06/2020,17/06/2020,2020,6
2.915,12/06/2020,16/06/2020,2020,6
2.934,11/06/2020,11/06/2020,2020,6
2.915,10/06/2020,10/06/2020,2020,6
2.86,09/06/2020,09/06/2020,2020,6
2.81,08/06/2020,08/06/2020,2020,6
2.619,05/06/2020,07/06/2020,2020,6
2.613,04/06/2020,04/06/2020,2020,6
2.607,03/06/2020,03/06/2020,2020,6
2.533,02/06/2020,02/06/2020,2020,6
2.582,01/06/2020,01/06/2020,2020,6
2.613,28/05/2020,31/05/2020,2020,5
2.589,27/05/2020,27/05/2020,2020,5
2.607,26/05/2020,26/05/2020,2020,5
2.231,22/05/2020,25/05/2020,2020,5
2.046,21/05/2020,21/05/2020,2020,5
2.15,20/05/2020,20/05/2020,2020,5
2.027,19/05/2020,19/05/2020,2020,5
2.076,18/05/2020,18/05/2020,2020,5
2.034,15/05/2020,17/05/2020,2020,5
1.953,14/05/2020,14/05/2020,2020,5
1.978,13/05/2020,13/05/2020,2020,5
1.96,12/05/2020,12/05/2020,2020,5
2.076,11/05/2020,11/05/2020,2020,5
1.818,08/05/2020,10/05/2020,2020,5
1.805,07/05/2020,07/05/2020,2020,5
1.812,06/05/2020,06/05/2020,2020,5
1.805,04/05/2020,05/05/2020,2020,5
1.571,30/04/2020,03/05/2020,2020,4
1.596,29/04/2020,29/04/2020,2020,4
1.719,28/04/2020,28/04/2020,2020,4
1.8,27/04/2020,27/04/2020,2020,4
1.664,23/04/2020,26/04/2020,2020,4
1.8,22/04/2020,22/04/2020,2020,4
1.787,21/04/2020,21/04/2020,2020,4
2.071,20/04/2020,20/04/2020,2020,4
2.163,17/04/2020,19/04/2020,2020,4
2.274,16/04/2020,16/04/2020,2020,4
2.478,15/04/2020,15/04/2020,2020,4
2.539,14/04/2020,14/04/2020,2020,4
2.576,13/04/2020,13/04/2020,2020,4
2.663,08/04/2020,12/04/2020,2020,4
2.718,07/04/2020,07/04/2020,2020,4
2.736,06/04/2020,06/04/2020,2020,4
2.897,03/04/2020,05/04/2020,2020,4
2.89,02/04/2020,02/04/2020,2020,4
2.86,01/04/2020,01/04/2020,2020,4
2.89,30/03/2020,31/03/2020,2020,3
2.909,25/03/2020,29/03/2020,2020,3
2.89,20/03/2020,24/03/2020,2020,3
2.909,19/03/2020,19/03/2020,2020,3
2.94,18/03/2020,18/03/2020,2020,3
2.934,17/03/2020,17/03/2020,2020,3
2.915,16/03/2020,16/03/2020,2020,3
2.946,13/03/2020,15/03/2020,2020,3
3.001,12/03/2020,12/03/2020,2020,3
3.008,11/03/2020,11/03/2020,2020,3
3.075,10/03/2020,10/03/2020,2020,3
3.057,09/03/2020,09/03/2020,2020,3
3.137,06/03/2020,08/03/2020,2020,3
3.063,05/03/2020,05/03/2020,2020,3
3.069,04/03/2020,04/03/2020,2020,3
3.143,03/03/2020,03/03/2020,2020,3
3.254,02/03/2020,02/03/2020,2020,3
3.297,28/02/2020,01/03/2020,2020,2
3.242,27/02/2020,27/02/2020,2020,2
3.346,26/02/2020,26/02/2020,2020,2
3.359,21/02/2020,25/02/2020,2020,2
3.476,20/02/2020,20/02/2020,2020,2
3.39,19/02/2020,19/02/2020,2020,2
3.47,18/02/2020,18/02/2020,2020,2
3.402,17/02/2020,17/02/2020,2020,2
3.365,14/02/2020,16/02/2020,2020,2
3.42,13/02/2020,13/02/2020,2020,2
3.378,12/02/2020,12/02/2020,2020,2
3.42,11/02/2020,11/02/2020,2020,2
3.383,10/02/2020,10/02/2020,2020,2
3.353,07/02/2020,09/02/2020,2020,2
3.383,05/02/2020,06/02/2020,2020,2
3.402,04/02/2020,04/02/2020,2020,2
3.383,03/02/2020,03/02/2020,2020,2
3.439,31/01/2020,02/02/2020,2020,1
3.408,30/01/2020,30/01/2020,2020,1
3.445,28/01/2020,29/01/2020,2020,1
3.489,24/01/2020,27/01/2020,2020,1
3.563,23/01/2020,23/01/2020,2020,1
3.581,22/01/2020,22/01/2020,2020,1
3.6,21/01/2020,21/01/2020,2020,1
3.661,20/01/2020,20/01/2020,2020,1
3.704,17/01/2020,19/01/2020,2020,1
3.747,16/01/2020,16/01/2020,2020,1
3.704,15/01/2020,15/01/2020,2020,1
3.772,14/01/2020,14/01/2020,2020,1
3.821,10/01/2020,13/01/2020,2020,1
3.834,09/01/2020,09/01/2020,2020,1
3.889,08/01/2020,08/01/2020,2020,1
3.975,07/01/2020,07/01/2020,2020,1
3.969,06/01/2020,06/01/2020,2020,1
4.019,03/01/2020,05/01/2020,2020,1
3.994,02/01/2020,02/01/2020,2020,1
4.031,01/01/2020,01/01/2020,2020,1
4.031,30/12/2019,31/12/2019,2019,12
4.105,27/12/2019,29/12/2019,2019,12
4.068,26/12/2019,26/12/2019,2019,12
4.108,23/12/2019,25/12/2019,2019,12
4.13,20/12/2019,22/12/2019,2019,12
4.172,18/12/2019,19/12/2019,2019,12
4.228,17/12/2019,17/12/2019,2019,12
4.191,16/12/2019,16/12/2019,2019,12
4.209,13/12/2019,15/12/2019,2019,12
4.333,12/12/2019,12/12/2019,2019,12
4.29,11/12/2019,11/12/2019,2019,12
4.37,10/12/2019,10/12/2019,2019,12
4.357,06/12/2019,09/12/2019,2019,12
4.394,05/12/2019,05/12/2019,2019,12
4.376,04/12/2019,04/12/2019,2019,12
4.475,03/12/2019,03/12/2019,2019,12
4.394,02/12/2019,02/12/2019,2019,12
4.444,29/11/2019,01/12/2019,2019,11
4.468,28/11/2019,28/11/2019,2019,11
4.45,27/11/2019,27/11/2019,2019,11
4.475,26/11/2019,26/11/2019,2019,11
4.653,25/11/2019,25/11/2019,2019,11
4.505,22/11/2019,24/11/2019,2019,11
4.561,21/11/2019,21/11/2019,2019,11
4.579,20/11/2019,20/11/2019,2019,11
4.586,19/11/2019,19/11/2019,2019,11
4.684,15/11/2019,18/11/2019,2019,11
4.586,14/11/2019,14/11/2019,2019,11
4.697,13/11/2019,13/11/2019,2019,11
4.703,12/11/2019,12/11/2019,2019,11
4.776,11/11/2019,11/11/2019,2019,11
4.801,08/11/2019,10/11/2019,2019,11
4.937,07/11/2019,07/11/2019,2019,11
5.042,05/11/2019,06/11/2019,2019,11
5.282,04/11/2019,04/11/2019,2019,11
4.956,01/11/2019,03/11/2019,2019,11
5.27,31/10/2019,31/10/2019,2019,10
5.363,30/10/2019,30/10/2019,2019,10
5.43,29/10/2019,29/10/2019,2019,10
5.313,28/10/2019,28/10/2019,2019,10
5.449,25/10/2019,27/10/2019,2019,10
5.43,24/10/2019,24/10/2019,2019,10
5.405,23/10/2019,23/10/2019,2019,10
5.492,22/10/2019,22/10/2019,2019,10
5.473,21/10/2019,21/10/2019,2019,10
5.64,18/10/2019,20/10/2019,2019,10
5.59,17/10/2019,17/10/2019,2019,10
5.713,16/10/2019,16/10/2019,2019,10
5.695,15/10/2019,15/10/2019,2019,10
5.708,11/10/2019,14/10/2019,2019,10
5.837,10/10/2019,10/10/2019,2019,10
5.856,09/10/2019,09/10/2019,2019,10
5.911,08/10/2019,08/10/2019,2019,10
5.806,07/10/2019,07/10/2019,2019,10
5.88,04/10/2019,06/10/2019,2019,10
5.874,03/10/2019,03/10/2019,2019,10
5.806,02/10/2019,02/10/2019,2019,10
5.873,01/10/2019,01/10/2019,2019,10
5.898,30/09/2019,30/09/2019,2019,9
5.856,27/09/2019,29/09/2019,2019,9
5.905,26/09/2019,26/09/2019,2019,9
5.96,25/09/2019,25/09/2019,2019,9
5.93,24/09/2019,24/09/2019,2019,9
5.935,23/09/2019,23/09/2019,2019,9
5.991,20/09/2019,22/09/2019,2019,9
5.967,19/09/2019,19/09/2019,2019,9
5.96,18/09/2019,18/09/2019,2019,9
6.016,17/09/2019,17/09/2019,2019,9
5.837,16/09/2019,16/09/2019,2019,9
6.009,13/09/2019,15/09/2019,2019,9
5.96,12/09/2019,12/09/2019,2019,9
5.905,11/09/2019,11/09/2019,2019,9
5.985,10/09/2019,10/09/2019,2019,9
5.837,09/09/2019,09/09/2019,2019,9
5.726,06/09/2019,08/09/2019,2019,9
5.676,05/09/2019,05/09/2019,2019,9
5.713,04/09/2019,04/09/2019,2019,9
5.917,03/09/2019,03/09/2019,2019,9
5.695,02/09/2019,02/09/2019,2019,9
5.732,01/09/2019,01/09/2019,2019,9
5.732,30/08/2019,31/08/2019,2019,8
5.812,29/08/2019,29/08/2019,2019,8
5.634,28/08/2019,28/08/2019,2019,8
5.658,27/08/2019,27/08/2019,2019,8
5.708,26/08/2019,26/08/2019,2019,8
5.676,23/08/2019,25/08/2019,2019,8
5.732,22/08/2019,22/08/2019,2019,8
5.671,21/08/2019,21/08/2019,2019,8
5.239,20/08/2019,20/08/2019,2019,8
5.054,16/08/2019,19/08/2019,2019,8
5.128,15/08/2019,15/08/2019,2019,8
5.165,14/08/2019,14/08/2019,2019,8
5.085,13/08/2019,13/08/2019,2019,8
4.974,12/08/2019,12/08/2019,2019,8
4.912,08/08/2019,11/08/2019,2019,8
4.894,07/08/2019,07/08/2019,2019,8
4.943,06/08/2019,06/08/2019,2019,8
4.882,05/08/2019,05/08/2019,2019,8
4.869,02/08/2019,04/08/2019,2019,8
5.011,01/08/2019,01/08/2019,2019,8
4.845,31/07/2019,31/07/2019,2019,7
4.956,30/07/2019,30/07/2019,2019,7
4.727,29/07/2019,29/07/2019,2019,7
4.758,26/07/2019,28/07/2019,2019,7
4.715,25/07/2019,25/07/2019,2019,7
4.74,24/07/2019,24/07/2019,2019,7
4.697,23/07/2019,23/07/2019,2019,7
4.746,22/07/2019,22/07/2019,2019,7
4.69,19/07/2019,21/07/2019,2019,7
4.783,18/07/2019,18/07/2019,2019,7
4.715,17/07/2019,17/07/2019,2019,7
4.74,16/07/2019,16/07/2019,2019,7
4.776,12/07/2019,15/07/2019,2019,7
4.734,11/07/2019,11/07/2019,2019,7
4.703,10/07/2019,10/07/2019,2019,7
4.684,05/07/2019,09/07/2019,2019,7
4.703,04/07/2019,04/07/2019,2019,7
4.752,03/07/2019,03/07/2019,2019,7
4.764,02/07/2019,02/07/2019,2019,7
4.906,01/07/2019,01/07/2019,2019,7
4.924,28/06/2019,30/06/2019,2019,6
5.005,27/06/2019,27/06/2019,2019,6
5.011,26/06/2019,26/06/2019,2019,6
5.035,25/06/2019,25/06/2019,2019,6
5.06,24/06/2019,24/06/2019,2019,6
5.109,21/06/2019,23/06/2019,2019,6
5.159,19/06/2019,20/06/2019,2019,6
5.141,18/06/2019,18/06/2019,2019,6
5.196,14/06/2019,17/06/2019,2019,6
5.22,13/06/2019,13/06/2019,2019,6
5.196,12/06/2019,12/06/2019,2019,6
5.257,11/06/2019,11/06/2019,2019,6
5.22,10/06/2019,10/06/2019,2019,6
5.227,07/06/2019,09/06/2019,2019,6
5.196,06/06/2019,06/06/2019,2019,6
5.208,05/06/2019,05/06/2019,2019,6
5.19,03/06/2019,04/06/2019,2019,6
5.227,01/06/2019,02/06/2019,2019,6
5.227,31/05/2019,31/05/2019,2019,5
5.27,30/05/2019,30/05/2019,2019,5
5.159,29/05/2019,29/05/2019,2019,5
5.294,27/05/2019,28/05/2019,2019,5
5.122,24/05/2019,26/05/2019,2019,5
5.146,23/05/2019,23/05/2019,2019,5
5.19,22/05/2019,22/05/2019,2019,5
5.282,21/05/2019,21/05/2019,2019,5
5.183,20/05/2019,20/05/2019,2019,5
5.116,17/05/2019,19/05/2019,2019,5
5.178,16/05/2019,16/05/2019,2019,5
5.128,15/05/2019,15/05/2019,2019,5
5.257,14/05/2019,14/05/2019,2019,5
5.128,13/05/2019,13/05/2019,2019,5
5.141,10/05/2019,12/05/2019,2019,5
4.968,09/05/2019,09/05/2019,2019,5
5.264,08/05/2019,08/05/2019,2019,5
4.931,07/05/2019,07/05/2019,2019,5
4.857,06/05/2019,06/05/2019,2019,5
4.863,03/05/2019,05/05/2019,2019,5
4.795,02/05/2019,02/05/2019,2019,5
4.887,30/04/2019,01/05/2019,2019,4
4.746,26/04/2019,29/04/2019,2019,4
4.845,25/04/2019,25/04/2019,2019,4
4.764,24/04/2019,24/04/2019,2019,4
4.746,23/04/2019,23/04/2019,2019,4
4.813,22/04/2019,22/04/2019,2019,4
4.715,17/04/2019,21/04/2019,2019,4
4.813,16/04/2019,16/04/2019,2019,4
4.703,15/04/2019,15/04/2019,2019,4
4.66,12/04/2019,14/04/2019,2019,4
4.783,10/04/2019,11/04/2019,2019,4
4.549,09/04/2019,09/04/2019,2019,4
4.505,08/04/2019,08/04/2019,2019,4
4.468,05/04/2019,07/04/2019,2019,4
4.265,04/04/2019,04/04/2019,2019,4
4.352,03/04/2019,03/04/2019,2019,4
4.357,01/04/2019,02/04/2019,2019,4
4.241,29/03/2019,31/03/2019,2019,3
4.265,28/03/2019,28/03/2019,2019,3
4.148,27/03/2019,27/03/2019,2019,3
4.253,26/03/2019,26/03/2019,2019,3
4.167,25/03/2019,25/03/2019,2019,3
4.29,22/03/2019,24/03/2019,2019,3
4.074,21/03/2019,21/03/2019,2019,3
4.019,20/03/2019,20/03/2019,2019,3
4.024,19/03/2019,19/03/2019,2019,3
3.901,18/03/2019,18/03/2019,2019,3
3.858,15/03/2019,17/03/2019,2019,3
3.679,14/03/2019,14/03/2019,2019,3
3.605,13/03/2019,13/03/2019,2019,3
3.612,12/03/2019,12/03/2019,2019,3
3.661,11/03/2019,11/03/2019,2019,3
3.63,08/03/2019,10/03/2019,2019,3
3.686,07/03/2019,07/03/2019,2019,3
3.55,06/03/2019,06/03/2019,2019,3
3.605,01/03/2019,05/03/2019,2019,3
3.544,28/02/2019,28/02/2019,2019,2
3.47,27/02/2019,27/02/2019,2019,2
3.489,26/02/2019,26/02/2019,2019,2
3.476,25/02/2019,25/02/2019,2019,2
3.489,22/02/2019,24/02/2019,2019,2
3.556,21/02/2019,21/02/2019,2019,2
3.538,20/02/2019,20/02/2019,2019,2
3.612,19/02/2019,19/02/2019,2019,2
3.686,18/02/2019,18/02/2019,2019,2
3.76,15/02/2019,17/02/2019,2019,2
3.889,14/02/2019,14/02/2019,2019,2
4.024,13/02/2019,13/02/2019,2019,2
4.086,12/02/2019,12/02/2019,2019,2
4.179,11/02/2019,11/02/2019,2019,2
4.197,08/02/2019,10/02/2019,2019,2
4.394,07/02/2019,07/02/2019,2019,2
4.345,06/02/2019,06/02/2019,2019,2
4.401,05/02/2019,05/02/2019,2019,2
4.389,04/02/2019,04/02/2019,2019,2
4.401,01/02/2019,03/02/2019,2019,2
4.475,31/01/2019,31/01/2019,2019,1
4.513,30/01/2019,30/01/2019,2019,1
4.493,29/01/2019,29/01/2019,2019,1
4.45,28/01/2019,28/01/2019,2019,1
4.536,25/01/2019,27/01/2019,2019,1
4.512,24/01/2019,24/01/2019,2019,1
4.5,23/01/2019,23/01/2019,2019,1
4.586,22/01/2019,22/01/2019,2019,1
4.524,21/01/2019,21/01/2019,2019,1
4.5,18/01/2019,20/01/2019,2019,1
4.592,17/01/2019,17/01/2019,2019,1
4.53,16/01/2019,16/01/2019,2019,1
4.641,15/01/2019,15/01/2019,2019,1
4.66,14/01/2019,14/01/2019,2019,1
4.629,11/01/2019,13/01/2019,2019,1
4.684,10/01/2019,10/01/2019,2019,1
4.635,09/01/2019,09/01/2019,2019,1
4.882,08/01/2019,08/01/2019,2019,1
4.758,07/01/2019,07/01/2019,2019,1
4.635,04/01/2019,06/01/2019,2019,1
4.727,03/01/2019,03/01/2019,2019,1
4.789,02/01/2019,02/01/2019,2019,1
4.887,28/12/2018,01/01/2019,2018,12
4.74,27/12/2018,27/12/2018,2018,12
4.783,26/12/2018,26/12/2018,2018,12
4.666,21/12/2018,25/12/2018,2018,12
4.789,20/12/2018,20/12/2018,2018,12
4.715,19/12/2018,19/12/2018,2018,12
4.894,18/12/2018,18/12/2018,2018,12
4.734,17/12/2018,17/12/2018,2018,12
4.82,14/12/2018,16/12/2018,2018,12
4.857,13/12/2018,13/12/2018,2018,12
4.85,12/12/2018,12/12/2018,2018,12
4.949,11/12/2018,11/12/2018,2018,12
4.857,10/12/2018,10/12/2018,2018,12
5.054,07/12/2018,09/12/2018,2018,12
4.993,06/12/2018,06/12/2018,2018,12
5.091,05/12/2018,05/12/2018,2018,12
4.814,04/12/2018,04/12/2018,2018,12
7.119,03/12/2018,03/12/2018,2018,12
6.888,29/11/2018,02/12/2018,2018,11
6.991,28/11/2018,28/11/2018,2018,11
7.021,27/11/2018,27/11/2018,2018,11
7.011,26/11/2018,26/11/2018,2018,11
7.078,23/11/2018,25/11/2018,2018,11
7.114,22/11/2018,22/11/2018,2018,11
7.171,21/11/2018,21/11/2018,2018,11
7.237,20/11/2018,20/11/2018,2018,11
7.089,16/11/2018,19/11/2018,2018,11
7.14,15/11/2018,15/11/2018,2018,11
7.062,14/11/2018,14/11/2018,2018,11
7.155,13/11/2018,13/11/2018,2018,11
7.16,12/11/2018,12/11/2018,2018,11
4.823,09/11/2018,11/11/2018,2018,11
4.787,08/11/2018,08/11/2018,2018,11
4.982,07/11/2018,07/11/2018,2018,11
4.808,05/11/2018,06/11/2018,2018,11
4.952,02/11/2018,04/11/2018,2018,11
4.802,01/11/2018,01/11/2018,2018,11
4.705,31/10/2018,31/10/2018,2018,10
4.998,30/10/2018,30/10/2018,2018,10
4.808,29/10/2018,29/10/2018,2018,10
4.895,26/10/2018,28/10/2018,2018,10
4.781,25/10/2018,25/10/2018,2018,10
4.952,24/10/2018,24/10/2018,2018,10
4.966,23/10/2018,23/10/2018,2018,10
4.915,22/10/2018,22/10/2018,2018,10
4.669,19/10/2018,21/10/2018,2018,10
4.797,18/10/2018,18/10/2018,2018,10
4.576,17/10/2018,17/10/2018,2018,10
4.587,16/10/2018,16/10/2018,2018,10
4.699,12/10/2018,15/10/2018,2018,10
4.602,11/10/2018,11/10/2018,2018,10
4.576,10/10/2018,10/10/2018,2018,10
4.426,03/10/2018,09/10/2018,2018,10
3.876,05/09/2018,02/10/2018,2018,9
3.33,03/08/2018,04/09/2018,2018,8
3.004,05/07/2018,02/08/2018,2018,7
2.817,06/06/2018,04/07/2018,2018,6
2.367,24/05/2018,05/06/2018,2018,5
3.0,21/05/2018,23/05/2018,2018,5
2.712,08/05/2018,20/05/2018,2018,5
2.342,04/05/2018,07/05/2018,2018,5
2.219,05/12/2017,03/05/2018,2017,12
2.136,02/11/2017,04/12/2017,2017,11
1.972,27/01/2017,01/11/2017,2017,1
2.055,26/12/2016,26/01/2017,2016,12
2.219,11/10/2016,25/12/2016,2016,10
2.63,15/07/2016,10/10/2016,2016,7
2.712,01/03/2016,14/07/2016,2016,3
2.465,13/01/2016,29/02/2016,2016,1
2.055,29/01/2014,12/01/2016,2014,1
